<?xml version = '1.0' encoding = 'UTF-8'?>
<Entity class="oracle.dbtools.crest.model.design.logical.Entity" directorySegmentName="seg_0" id="2A9991A6-DFA3-6D5A-1BC3-8A9F63F000A7" name="tb_agro_suelo">
<createdBy>ccast</createdBy>
<createdTime>2024-10-11 13:28:30 UTC</createdTime>
<ownerDesignName>Modelo_Cultivo</ownerDesignName>
<engineerTo>
<item key="2BB92DAE-0A4A-D236-FF8F-0112E5289D4C" value="true"/>
</engineerTo>
<adequatelyNormalized>NO</adequatelyNormalized>
<expectedVolumes>0</expectedVolumes>
<fwdEngineeringStrategyName>Single Table</fwdEngineeringStrategyName>
<growthPercent>0</growthPercent>
<growthType>Year</growthType>
<maxVolumes>9999999</maxVolumes>
<minVolumes>0</minVolumes>
<normalForm>Third</normalForm>
<attributes itemClass="oracle.dbtools.crest.model.design.logical.Attribute">
<Attribute name="suelo_id" id="71A3817C-0C03-5B2A-C642-A2D9114D46B0">
<createdBy>ccast</createdBy>
<createdTime>2024-10-12 17:42:42 UTC</createdTime>
<ownerDesignName>Modelo_Cultivo</ownerDesignName>
<engineerTo>
<item key="2BB92DAE-0A4A-D236-FF8F-0112E5289D4C" value="true"/>
</engineerTo>
<useDomainConstraints>false</useDomainConstraints>
<use>1</use>
<logicalDatatype>LOGDT019</logicalDatatype>
<dataTypePrecision>10</dataTypePrecision>
<ownDataTypeParameters>,10,</ownDataTypeParameters>
</Attribute>
<Attribute name="tp_suelo_id" id="297A0E45-1ECB-CFE2-5320-4CB2A545E235">
<createdBy>ccast</createdBy>
<createdTime>2024-10-12 18:01:18 UTC</createdTime>
<generatorID>9D784FD9-F9D5-4738-6353-9CDCAA392251</generatorID>
<ownerDesignName>Modelo_Cultivo</ownerDesignName>
<engineerTo>
<item key="2BB92DAE-0A4A-D236-FF8F-0112E5289D4C" value="true"/>
</engineerTo>
<referedAttribute>15E94C96-C241-4155-F2E9-444C6B6521D1</referedAttribute>
<useDomainConstraints>false</useDomainConstraints>
<use>1</use>
<logicalDatatype>LOGDT019</logicalDatatype>
<dataTypePrecision>10</dataTypePrecision>
<ownDataTypeParameters>,10,</ownDataTypeParameters>
</Attribute>
<Attribute name="cant_ph" id="89F7F0D3-A26B-E17A-BED9-768ECF09E87D">
<createdBy>ccast</createdBy>
<createdTime>2024-10-12 17:43:14 UTC</createdTime>
<ownerDesignName>Modelo_Cultivo</ownerDesignName>
<engineerTo>
<item key="2BB92DAE-0A4A-D236-FF8F-0112E5289D4C" value="true"/>
</engineerTo>
<useDomainConstraints>false</useDomainConstraints>
<use>1</use>
<logicalDatatype>LOGDT019</logicalDatatype>
<dataTypePrecision>15</dataTypePrecision>
<dataTypeScale>2</dataTypeScale>
<ownDataTypeParameters>,15,2</ownDataTypeParameters>
</Attribute>
<Attribute name="cant_nutri" id="06CCA484-9D3C-4E14-2FBB-FC3106CE0F72">
<createdBy>ccast</createdBy>
<createdTime>2024-10-12 17:44:32 UTC</createdTime>
<ownerDesignName>Modelo_Cultivo</ownerDesignName>
<engineerTo>
<item key="2BB92DAE-0A4A-D236-FF8F-0112E5289D4C" value="true"/>
</engineerTo>
<useDomainConstraints>false</useDomainConstraints>
<use>1</use>
<logicalDatatype>LOGDT019</logicalDatatype>
<dataTypePrecision>15</dataTypePrecision>
<dataTypeScale>2</dataTypeScale>
<ownDataTypeParameters>,15,2</ownDataTypeParameters>
</Attribute>
</attributes>
<identifiers itemClass="oracle.dbtools.crest.model.design.logical.CandidateKey">
<identifier id="5E71553B-FD5E-CD0F-9393-682A0DE9E672" name="tb_agro_suelo PK">
<createdBy>ccast</createdBy>
<createdTime>2024-10-12 17:45:08 UTC</createdTime>
<ownerDesignName>Modelo_Cultivo</ownerDesignName>
<shouldEngineer>false</shouldEngineer>
<engineerTo>
<item key="2BB92DAE-0A4A-D236-FF8F-0112E5289D4C" value="false"/>
</engineerTo>
<pk>true</pk>
<usedAttributes>
<attributeRef>71A3817C-0C03-5B2A-C642-A2D9114D46B0</attributeRef>
</usedAttributes>
</identifier>
</identifiers>
</Entity>