<?xml version = '1.0' encoding = 'UTF-8'?>
<Entity class="oracle.dbtools.crest.model.design.logical.Entity" directorySegmentName="seg_0" id="2D3FDBD2-9D30-0F1F-AA3B-3240DAEC3D27" name="tb_agro_plaga">
<createdBy>ccast</createdBy>
<createdTime>2024-10-11 13:29:42 UTC</createdTime>
<ownerDesignName>Modelo_Cultivo</ownerDesignName>
<engineerTo>
<item key="0A4FED8E-B3B1-EF48-7000-23F89918BD5A" value="true"/>
</engineerTo>
<adequatelyNormalized>NO</adequatelyNormalized>
<expectedVolumes>0</expectedVolumes>
<fwdEngineeringStrategyName>Single Table</fwdEngineeringStrategyName>
<growthPercent>0</growthPercent>
<growthType>Year</growthType>
<maxVolumes>9999999</maxVolumes>
<minVolumes>0</minVolumes>
<normalForm>Third</normalForm>
<attributes itemClass="oracle.dbtools.crest.model.design.logical.Attribute">
<Attribute name="plaga_id" id="9A6B7D64-83C5-506C-9926-942F85340BD6">
<createdBy>ccast</createdBy>
<createdTime>2024-10-13 12:39:31 UTC</createdTime>
<ownerDesignName>Modelo_Cultivo</ownerDesignName>
<engineerTo>
<item key="0A4FED8E-B3B1-EF48-7000-23F89918BD5A" value="true"/>
</engineerTo>
<useDomainConstraints>false</useDomainConstraints>
<use>1</use>
<logicalDatatype>LOGDT019</logicalDatatype>
<dataTypePrecision>10</dataTypePrecision>
<ownDataTypeParameters>,10,</ownDataTypeParameters>
</Attribute>
<Attribute name="tp_plaga_id" id="A9974F9D-CDB3-1A72-9BA4-49A86680261A">
<createdBy>ccast</createdBy>
<createdTime>2024-10-13 12:45:56 UTC</createdTime>
<generatorID>C6637984-D9C9-52EC-D4F0-E31DB4D1E48A</generatorID>
<ownerDesignName>Modelo_Cultivo</ownerDesignName>
<engineerTo>
<item key="0A4FED8E-B3B1-EF48-7000-23F89918BD5A" value="true"/>
</engineerTo>
<referedAttribute>8626BD23-2376-2642-5268-005906F3260A</referedAttribute>
<useDomainConstraints>false</useDomainConstraints>
<use>1</use>
<logicalDatatype>LOGDT019</logicalDatatype>
<dataTypePrecision>10</dataTypePrecision>
<ownDataTypeParameters>,10,</ownDataTypeParameters>
</Attribute>
<Attribute name="descricao" id="8A958B2B-B086-18EC-0A9D-AE639F29CD85">
<createdBy>ccast</createdBy>
<createdTime>2024-10-13 12:40:32 UTC</createdTime>
<ownerDesignName>Modelo_Cultivo</ownerDesignName>
<engineerTo>
<item key="0A4FED8E-B3B1-EF48-7000-23F89918BD5A" value="true"/>
</engineerTo>
<useDomainConstraints>false</useDomainConstraints>
<use>1</use>
<logicalDatatype>LOGDT025</logicalDatatype>
<dataTypeSize>120</dataTypeSize>
<ownDataTypeParameters>120,,</ownDataTypeParameters>
</Attribute>
<Attribute name="nome_cientif" id="90D6FB4D-5E33-D394-0C2B-8B579E46ECA0">
<createdBy>ccast</createdBy>
<createdTime>2024-10-13 12:40:51 UTC</createdTime>
<ownerDesignName>Modelo_Cultivo</ownerDesignName>
<engineerTo>
<item key="0A4FED8E-B3B1-EF48-7000-23F89918BD5A" value="true"/>
</engineerTo>
<useDomainConstraints>false</useDomainConstraints>
<use>1</use>
<logicalDatatype>LOGDT025</logicalDatatype>
<dataTypeSize>120</dataTypeSize>
<ownDataTypeParameters>120,,</ownDataTypeParameters>
</Attribute>
<Attribute name="sit" id="90121C08-4056-E9E5-D1E9-AB363AB48AC2">
<createdBy>ccast</createdBy>
<createdTime>2024-10-13 12:42:58 UTC</createdTime>
<ownerDesignName>Modelo_Cultivo</ownerDesignName>
<engineerTo>
<item key="0A4FED8E-B3B1-EF48-7000-23F89918BD5A" value="true"/>
</engineerTo>
<useDomainConstraints>false</useDomainConstraints>
<use>1</use>
<logicalDatatype>LOGDT019</logicalDatatype>
<dataTypePrecision>1</dataTypePrecision>
<ownDataTypeParameters>,1,</ownDataTypeParameters>
</Attribute>
</attributes>
<identifiers itemClass="oracle.dbtools.crest.model.design.logical.CandidateKey">
<identifier id="C625BCC1-D74E-B469-4166-0B77BCBDD7AE" name="tb_agro_plaga PK">
<createdBy>ccast</createdBy>
<createdTime>2024-10-13 12:39:52 UTC</createdTime>
<ownerDesignName>Modelo_Cultivo</ownerDesignName>
<engineerTo>
<item key="0A4FED8E-B3B1-EF48-7000-23F89918BD5A" value="true"/>
</engineerTo>
<pk>true</pk>
<usedAttributes>
<attributeRef>9A6B7D64-83C5-506C-9926-942F85340BD6</attributeRef>
</usedAttributes>
</identifier>
</identifiers>
</Entity>