<?xml version = '1.0' encoding = 'UTF-8'?>
<Entity class="oracle.dbtools.crest.model.design.logical.Entity" directorySegmentName="seg_0" id="39A44838-FB45-98A3-1318-FD801E4F11F9" name="tb_agro_parcela">
<createdBy>ccast</createdBy>
<createdTime>2024-10-11 13:16:59 UTC</createdTime>
<ownerDesignName>Modelo_Cultivo</ownerDesignName>
<engineerTo>
<item key="2BB92DAE-0A4A-D236-FF8F-0112E5289D4C" value="true"/>
</engineerTo>
<adequatelyNormalized>NO</adequatelyNormalized>
<expectedVolumes>0</expectedVolumes>
<fwdEngineeringStrategyName>Single Table</fwdEngineeringStrategyName>
<growthPercent>0</growthPercent>
<growthType>Year</growthType>
<maxVolumes>9999999</maxVolumes>
<minVolumes>0</minVolumes>
<normalForm>Third</normalForm>
<attributes itemClass="oracle.dbtools.crest.model.design.logical.Attribute">
<Attribute name="parcela_id" id="ED9367FB-0ABF-FE76-2775-26214F67AA3C">
<createdBy>ccast</createdBy>
<createdTime>2024-10-11 13:31:51 UTC</createdTime>
<ownerDesignName>Modelo_Cultivo</ownerDesignName>
<engineerTo>
<item key="2BB92DAE-0A4A-D236-FF8F-0112E5289D4C" value="true"/>
</engineerTo>
<useDomainConstraints>false</useDomainConstraints>
<use>1</use>
<logicalDatatype>LOGDT019</logicalDatatype>
<dataTypePrecision>10</dataTypePrecision>
<ownDataTypeParameters>,10,</ownDataTypeParameters>
</Attribute>
<Attribute name="ubicacao" id="5B9A2D63-2E21-D945-8CC8-258D4B4FDBF8">
<createdBy>ccast</createdBy>
<createdTime>2024-10-11 13:34:14 UTC</createdTime>
<ownerDesignName>Modelo_Cultivo</ownerDesignName>
<engineerTo>
<item key="2BB92DAE-0A4A-D236-FF8F-0112E5289D4C" value="true"/>
</engineerTo>
<useDomainConstraints>false</useDomainConstraints>
<use>1</use>
<logicalDatatype>LOGDT025</logicalDatatype>
<dataTypeSize>120</dataTypeSize>
<ownDataTypeParameters>120,,</ownDataTypeParameters>
</Attribute>
<Attribute name="cep" id="E56BD8B3-E28E-8B88-992D-3AF51C25F6D8">
<createdBy>ccast</createdBy>
<createdTime>2024-10-11 13:38:04 UTC</createdTime>
<ownerDesignName>Modelo_Cultivo</ownerDesignName>
<engineerTo>
<item key="2BB92DAE-0A4A-D236-FF8F-0112E5289D4C" value="true"/>
</engineerTo>
<useDomainConstraints>false</useDomainConstraints>
<use>1</use>
<logicalDatatype>LOGDT019</logicalDatatype>
<dataTypePrecision>8</dataTypePrecision>
<ownDataTypeParameters>,8,</ownDataTypeParameters>
</Attribute>
<Attribute name="latitude" id="DDCA9FB9-CDA2-18B6-3638-C69904B0F249">
<createdBy>ccast</createdBy>
<createdTime>2024-10-11 13:43:47 UTC</createdTime>
<ownerDesignName>Modelo_Cultivo</ownerDesignName>
<engineerTo>
<item key="2BB92DAE-0A4A-D236-FF8F-0112E5289D4C" value="true"/>
</engineerTo>
<useDomainConstraints>false</useDomainConstraints>
<use>1</use>
<logicalDatatype>LOGDT019</logicalDatatype>
<dataTypePrecision>10</dataTypePrecision>
<dataTypeScale>4</dataTypeScale>
<ownDataTypeParameters>,10,4</ownDataTypeParameters>
</Attribute>
<Attribute name="longitude" id="7C052BAA-9958-1B88-2330-BDC6E8720345">
<createdBy>ccast</createdBy>
<createdTime>2024-10-11 13:45:22 UTC</createdTime>
<ownerDesignName>Modelo_Cultivo</ownerDesignName>
<engineerTo>
<item key="2BB92DAE-0A4A-D236-FF8F-0112E5289D4C" value="true"/>
</engineerTo>
<useDomainConstraints>false</useDomainConstraints>
<use>1</use>
<logicalDatatype>LOGDT019</logicalDatatype>
<dataTypePrecision>10</dataTypePrecision>
<dataTypeScale>4</dataTypeScale>
<ownDataTypeParameters>,10,4</ownDataTypeParameters>
</Attribute>
<Attribute name="sit" id="1F2BFB1E-D379-90CF-01EB-9E56B264C36C">
<createdBy>ccast</createdBy>
<createdTime>2024-10-11 13:45:58 UTC</createdTime>
<ownerDesignName>Modelo_Cultivo</ownerDesignName>
<engineerTo>
<item key="2BB92DAE-0A4A-D236-FF8F-0112E5289D4C" value="true"/>
</engineerTo>
<useDomainConstraints>false</useDomainConstraints>
<use>1</use>
<logicalDatatype>LOGDT019</logicalDatatype>
<dataTypePrecision>1</dataTypePrecision>
<ownDataTypeParameters>,1,</ownDataTypeParameters>
</Attribute>
</attributes>
<identifiers itemClass="oracle.dbtools.crest.model.design.logical.CandidateKey">
<identifier id="0208C6AE-308E-468D-7FBD-997F578A4A2D" name="tb_agro_parcela PK">
<createdBy>ccast</createdBy>
<createdTime>2024-10-11 13:33:33 UTC</createdTime>
<ownerDesignName>Modelo_Cultivo</ownerDesignName>
<shouldEngineer>false</shouldEngineer>
<engineerTo>
<item key="2BB92DAE-0A4A-D236-FF8F-0112E5289D4C" value="false"/>
</engineerTo>
<pk>true</pk>
<usedAttributes>
<attributeRef>ED9367FB-0ABF-FE76-2775-26214F67AA3C</attributeRef>
</usedAttributes>
</identifier>
</identifiers>
</Entity>