<?xml version = '1.0' encoding = 'UTF-8'?>
<Entity class="oracle.dbtools.crest.model.design.logical.Entity" directorySegmentName="seg_0" id="44DA7B3D-CB68-82BE-F3AD-B14D2DB2D451" name="tb_agro_tp_cultivo">
<createdBy>ccast</createdBy>
<createdTime>2024-10-12 18:37:38 UTC</createdTime>
<ownerDesignName>Modelo_Cultivo</ownerDesignName>
<engineerTo>
<item key="0A4FED8E-B3B1-EF48-7000-23F89918BD5A" value="true"/>
</engineerTo>
<adequatelyNormalized>NO</adequatelyNormalized>
<expectedVolumes>0</expectedVolumes>
<fwdEngineeringStrategyName>Single Table</fwdEngineeringStrategyName>
<growthPercent>0</growthPercent>
<growthType>Year</growthType>
<maxVolumes>9999999</maxVolumes>
<minVolumes>0</minVolumes>
<normalForm>Third</normalForm>
<attributes itemClass="oracle.dbtools.crest.model.design.logical.Attribute">
<Attribute name="tp_cultivo_id" id="8B680395-51D5-8E3B-2D2D-F92E518A2BF9">
<createdBy>ccast</createdBy>
<createdTime>2024-10-12 18:41:52 UTC</createdTime>
<ownerDesignName>Modelo_Cultivo</ownerDesignName>
<engineerTo>
<item key="0A4FED8E-B3B1-EF48-7000-23F89918BD5A" value="true"/>
</engineerTo>
<useDomainConstraints>false</useDomainConstraints>
<use>1</use>
<logicalDatatype>LOGDT019</logicalDatatype>
<dataTypePrecision>10</dataTypePrecision>
<ownDataTypeParameters>,10,</ownDataTypeParameters>
</Attribute>
<Attribute name="descricao" id="662C5117-5A66-B01C-1016-369317FC843B">
<createdBy>ccast</createdBy>
<createdTime>2024-10-12 18:42:16 UTC</createdTime>
<ownerDesignName>Modelo_Cultivo</ownerDesignName>
<engineerTo>
<item key="0A4FED8E-B3B1-EF48-7000-23F89918BD5A" value="true"/>
</engineerTo>
<useDomainConstraints>false</useDomainConstraints>
<use>1</use>
<logicalDatatype>LOGDT025</logicalDatatype>
<dataTypeSize>120</dataTypeSize>
<ownDataTypeParameters>120,,</ownDataTypeParameters>
</Attribute>
<Attribute name="sit" id="17ADB58E-C007-D38E-B100-23664397DBCD">
<createdBy>ccast</createdBy>
<createdTime>2024-10-12 18:42:38 UTC</createdTime>
<ownerDesignName>Modelo_Cultivo</ownerDesignName>
<engineerTo>
<item key="0A4FED8E-B3B1-EF48-7000-23F89918BD5A" value="true"/>
</engineerTo>
<nullsAllowed>true</nullsAllowed>
<useDomainConstraints>false</useDomainConstraints>
<use>1</use>
<logicalDatatype>LOGDT019</logicalDatatype>
<dataTypePrecision>1</dataTypePrecision>
<ownDataTypeParameters>,1,</ownDataTypeParameters>
</Attribute>
</attributes>
<identifiers itemClass="oracle.dbtools.crest.model.design.logical.CandidateKey">
<identifier id="6EA0300D-62C6-75B0-2D0A-D2EDEDF03CC3" name="tb_agro_tp_cultivo PK">
<createdBy>ccast</createdBy>
<createdTime>2024-10-12 18:42:15 UTC</createdTime>
<ownerDesignName>Modelo_Cultivo</ownerDesignName>
<engineerTo>
<item key="0A4FED8E-B3B1-EF48-7000-23F89918BD5A" value="true"/>
</engineerTo>
<pk>true</pk>
<usedAttributes>
<attributeRef>8B680395-51D5-8E3B-2D2D-F92E518A2BF9</attributeRef>
</usedAttributes>
</identifier>
</identifiers>
</Entity>