<?xml version = '1.0' encoding = 'UTF-8'?>
<Entity class="oracle.dbtools.crest.model.design.logical.Entity" directorySegmentName="seg_0" id="9DB9E1F8-271B-1C8E-D17F-68710B9CA9EC" name="tb_agro_riego">
<createdBy>ccast</createdBy>
<createdTime>2024-10-11 13:30:20 UTC</createdTime>
<ownerDesignName>Modelo_Cultivo</ownerDesignName>
<engineerTo>
<item key="2BB92DAE-0A4A-D236-FF8F-0112E5289D4C" value="true"/>
</engineerTo>
<adequatelyNormalized>NO</adequatelyNormalized>
<expectedVolumes>0</expectedVolumes>
<fwdEngineeringStrategyName>Single Table</fwdEngineeringStrategyName>
<growthPercent>0</growthPercent>
<growthType>Year</growthType>
<maxVolumes>9999999</maxVolumes>
<minVolumes>0</minVolumes>
<normalForm>Third</normalForm>
<attributes itemClass="oracle.dbtools.crest.model.design.logical.Attribute">
<Attribute name="riego_id" id="CE92BC43-915D-DF80-712E-C7DCB23BF062">
<createdBy>ccast</createdBy>
<createdTime>2024-10-12 20:00:21 UTC</createdTime>
<ownerDesignName>Modelo_Cultivo</ownerDesignName>
<engineerTo>
<item key="2BB92DAE-0A4A-D236-FF8F-0112E5289D4C" value="true"/>
</engineerTo>
<useDomainConstraints>false</useDomainConstraints>
<use>1</use>
<logicalDatatype>LOGDT019</logicalDatatype>
<dataTypePrecision>10</dataTypePrecision>
<ownDataTypeParameters>,10,</ownDataTypeParameters>
</Attribute>
<Attribute name="cultivo_id" id="532BA7F1-320C-30AB-B3BA-F162359904C4">
<createdBy>ccast</createdBy>
<createdTime>2024-10-12 21:11:18 UTC</createdTime>
<generatorID>90DDDE4A-8423-3D21-A98C-11EE7E24248C</generatorID>
<ownerDesignName>Modelo_Cultivo</ownerDesignName>
<engineerTo>
<item key="2BB92DAE-0A4A-D236-FF8F-0112E5289D4C" value="true"/>
</engineerTo>
<referedAttribute>9BBF2DC4-6EDE-94AC-D56B-80A5CC3C1FDA</referedAttribute>
<useDomainConstraints>false</useDomainConstraints>
<use>1</use>
<logicalDatatype>LOGDT019</logicalDatatype>
<dataTypePrecision>10</dataTypePrecision>
<ownDataTypeParameters>,10,</ownDataTypeParameters>
</Attribute>
<Attribute name="data_irriga" id="8F78B03C-E8B5-4630-6550-E2F486B23761">
<createdBy>ccast</createdBy>
<createdTime>2024-10-12 20:00:47 UTC</createdTime>
<ownerDesignName>Modelo_Cultivo</ownerDesignName>
<engineerTo>
<item key="2BB92DAE-0A4A-D236-FF8F-0112E5289D4C" value="true"/>
</engineerTo>
<useDomainConstraints>false</useDomainConstraints>
<use>1</use>
<logicalDatatype>LOGDT007</logicalDatatype>
<ownDataTypeParameters>,,</ownDataTypeParameters>
</Attribute>
<Attribute name="hora_ini" id="CAFE4C2E-1820-68BC-D4EE-96C4ACE9B04C">
<createdBy>ccast</createdBy>
<createdTime>2024-10-12 20:58:09 UTC</createdTime>
<ownerDesignName>Modelo_Cultivo</ownerDesignName>
<engineerTo>
<item key="2BB92DAE-0A4A-D236-FF8F-0112E5289D4C" value="true"/>
</engineerTo>
<useDomainConstraints>false</useDomainConstraints>
<use>1</use>
<logicalDatatype>LOGDT008</logicalDatatype>
<ownDataTypeParameters>,,</ownDataTypeParameters>
</Attribute>
<Attribute name="hora_fin" id="87BFD908-8AC1-F0B1-F316-35971E519802">
<createdBy>ccast</createdBy>
<createdTime>2024-10-12 20:58:41 UTC</createdTime>
<ownerDesignName>Modelo_Cultivo</ownerDesignName>
<engineerTo>
<item key="2BB92DAE-0A4A-D236-FF8F-0112E5289D4C" value="true"/>
</engineerTo>
<useDomainConstraints>false</useDomainConstraints>
<use>1</use>
<logicalDatatype>LOGDT008</logicalDatatype>
<ownDataTypeParameters>,,</ownDataTypeParameters>
</Attribute>
<Attribute name="quanti_agua" id="AAA5F178-BE07-8B78-F724-BEA59765119F">
<createdBy>ccast</createdBy>
<createdTime>2024-10-12 20:59:25 UTC</createdTime>
<ownerDesignName>Modelo_Cultivo</ownerDesignName>
<engineerTo>
<item key="2BB92DAE-0A4A-D236-FF8F-0112E5289D4C" value="true"/>
</engineerTo>
<useDomainConstraints>false</useDomainConstraints>
<use>1</use>
<logicalDatatype>LOGDT019</logicalDatatype>
<dataTypePrecision>10</dataTypePrecision>
<dataTypeScale>2</dataTypeScale>
<ownDataTypeParameters>,10,2</ownDataTypeParameters>
</Attribute>
<Attribute name="metodo_irriga" id="DA78C4EE-8D92-2EE9-3CDA-D4DE82EAFB70">
<createdBy>ccast</createdBy>
<createdTime>2024-10-12 21:00:02 UTC</createdTime>
<ownerDesignName>Modelo_Cultivo</ownerDesignName>
<engineerTo>
<item key="2BB92DAE-0A4A-D236-FF8F-0112E5289D4C" value="true"/>
</engineerTo>
<useDomainConstraints>false</useDomainConstraints>
<use>1</use>
<logicalDatatype>LOGDT019</logicalDatatype>
<dataTypePrecision>1</dataTypePrecision>
<ownDataTypeParameters>,1,</ownDataTypeParameters>
</Attribute>
</attributes>
<identifiers itemClass="oracle.dbtools.crest.model.design.logical.CandidateKey">
<identifier id="AA9ED7A5-323C-CE9A-40BA-CBFF691051CA" name="tb_agro_riego PK">
<createdBy>ccast</createdBy>
<createdTime>2024-10-12 21:02:25 UTC</createdTime>
<ownerDesignName>Modelo_Cultivo</ownerDesignName>
<shouldEngineer>false</shouldEngineer>
<engineerTo>
<item key="2BB92DAE-0A4A-D236-FF8F-0112E5289D4C" value="false"/>
</engineerTo>
<pk>true</pk>
<usedAttributes>
<attributeRef>CE92BC43-915D-DF80-712E-C7DCB23BF062</attributeRef>
</usedAttributes>
</identifier>
</identifiers>
</Entity>