<?xml version = '1.0' encoding = 'UTF-8'?>
<Entity class="oracle.dbtools.crest.model.design.logical.Entity" directorySegmentName="seg_0" id="A44CD553-7F37-51E9-8DDE-5DF4043C6A25" name="tb_agro_tp_plaga">
<createdBy>ccast</createdBy>
<createdTime>2024-10-13 12:43:29 UTC</createdTime>
<ownerDesignName>Modelo_Cultivo</ownerDesignName>
<engineerTo>
<item key="2BB92DAE-0A4A-D236-FF8F-0112E5289D4C" value="true"/>
</engineerTo>
<adequatelyNormalized>NO</adequatelyNormalized>
<expectedVolumes>0</expectedVolumes>
<fwdEngineeringStrategyName>Single Table</fwdEngineeringStrategyName>
<growthPercent>0</growthPercent>
<growthType>Year</growthType>
<maxVolumes>9999999</maxVolumes>
<minVolumes>0</minVolumes>
<normalForm>Third</normalForm>
<attributes itemClass="oracle.dbtools.crest.model.design.logical.Attribute">
<Attribute name="tp_plaga_id" id="8626BD23-2376-2642-5268-005906F3260A">
<createdBy>ccast</createdBy>
<createdTime>2024-10-13 12:44:33 UTC</createdTime>
<ownerDesignName>Modelo_Cultivo</ownerDesignName>
<engineerTo>
<item key="2BB92DAE-0A4A-D236-FF8F-0112E5289D4C" value="true"/>
</engineerTo>
<useDomainConstraints>false</useDomainConstraints>
<use>1</use>
<logicalDatatype>LOGDT019</logicalDatatype>
<dataTypePrecision>10</dataTypePrecision>
<ownDataTypeParameters>,10,</ownDataTypeParameters>
</Attribute>
<Attribute name="descricao" id="6FEA22BD-C8B9-3E5D-56D7-6FC494CFF938">
<createdBy>ccast</createdBy>
<createdTime>2024-10-13 12:45:06 UTC</createdTime>
<ownerDesignName>Modelo_Cultivo</ownerDesignName>
<engineerTo>
<item key="2BB92DAE-0A4A-D236-FF8F-0112E5289D4C" value="true"/>
</engineerTo>
<useDomainConstraints>false</useDomainConstraints>
<use>1</use>
<logicalDatatype>LOGDT025</logicalDatatype>
<dataTypeSize>120</dataTypeSize>
<ownDataTypeParameters>120,,</ownDataTypeParameters>
</Attribute>
<Attribute name="sit" id="3411FA92-F0DA-3DEC-0387-D88E58DB1326">
<createdBy>ccast</createdBy>
<createdTime>2024-10-13 12:45:25 UTC</createdTime>
<ownerDesignName>Modelo_Cultivo</ownerDesignName>
<engineerTo>
<item key="2BB92DAE-0A4A-D236-FF8F-0112E5289D4C" value="true"/>
</engineerTo>
<useDomainConstraints>false</useDomainConstraints>
<use>1</use>
<logicalDatatype>LOGDT019</logicalDatatype>
<dataTypePrecision>1</dataTypePrecision>
<ownDataTypeParameters>,1,</ownDataTypeParameters>
</Attribute>
</attributes>
<identifiers itemClass="oracle.dbtools.crest.model.design.logical.CandidateKey">
<identifier id="8165A3CD-E22A-A996-B61E-2B78D374F265" name="tb_agro_tp_plaga PK">
<createdBy>ccast</createdBy>
<createdTime>2024-10-13 12:45:04 UTC</createdTime>
<ownerDesignName>Modelo_Cultivo</ownerDesignName>
<shouldEngineer>false</shouldEngineer>
<engineerTo>
<item key="2BB92DAE-0A4A-D236-FF8F-0112E5289D4C" value="false"/>
</engineerTo>
<pk>true</pk>
<usedAttributes>
<attributeRef>8626BD23-2376-2642-5268-005906F3260A</attributeRef>
</usedAttributes>
</identifier>
</identifiers>
</Entity>