<?xml version = '1.0' encoding = 'UTF-8'?>
<Entity class="oracle.dbtools.crest.model.design.logical.Entity" directorySegmentName="seg_0" id="CA58D150-5ACF-6C53-A638-39FB7D3B893A" name="tb_agro_cultivo">
<createdBy>ccast</createdBy>
<createdTime>2024-10-11 13:23:19 UTC</createdTime>
<ownerDesignName>Modelo_Cultivo</ownerDesignName>
<engineerTo>
<item key="7C716B56-D161-3B67-BA32-092B9D9CCF2F" value="true"/>
</engineerTo>
<adequatelyNormalized>NO</adequatelyNormalized>
<expectedVolumes>0</expectedVolumes>
<fwdEngineeringStrategyName>Single Table</fwdEngineeringStrategyName>
<growthPercent>0</growthPercent>
<growthType>Year</growthType>
<maxVolumes>9999999</maxVolumes>
<minVolumes>0</minVolumes>
<normalForm>Third</normalForm>
<attributes itemClass="oracle.dbtools.crest.model.design.logical.Attribute">
<Attribute name="cultivo_id" id="9BBF2DC4-6EDE-94AC-D56B-80A5CC3C1FDA">
<createdBy>ccast</createdBy>
<createdTime>2024-10-12 18:58:58 UTC</createdTime>
<ownerDesignName>Modelo_Cultivo</ownerDesignName>
<engineerTo>
<item key="7C716B56-D161-3B67-BA32-092B9D9CCF2F" value="true"/>
</engineerTo>
<useDomainConstraints>false</useDomainConstraints>
<use>1</use>
<logicalDatatype>LOGDT019</logicalDatatype>
<dataTypePrecision>10</dataTypePrecision>
<ownDataTypeParameters>,10,</ownDataTypeParameters>
</Attribute>
<Attribute name="tp_cultivo_id" id="60C4C815-A2F9-C11C-A02D-DCE8AF1F32BF">
<createdBy>ccast</createdBy>
<createdTime>2024-10-12 19:04:37 UTC</createdTime>
<generatorID>94C8D500-0A77-0F3A-D39B-C8C5FCD23C41</generatorID>
<ownerDesignName>Modelo_Cultivo</ownerDesignName>
<engineerTo>
<item key="7C716B56-D161-3B67-BA32-092B9D9CCF2F" value="true"/>
</engineerTo>
<referedAttribute>8B680395-51D5-8E3B-2D2D-F92E518A2BF9</referedAttribute>
<useDomainConstraints>false</useDomainConstraints>
<use>1</use>
<logicalDatatype>LOGDT019</logicalDatatype>
<dataTypePrecision>10</dataTypePrecision>
<ownDataTypeParameters>,10,</ownDataTypeParameters>
</Attribute>
<Attribute name="parcela_id" id="21FBE80D-4A7F-69D5-4E6B-550683AF2FAF">
<createdBy>ccast</createdBy>
<createdTime>2024-10-12 19:05:58 UTC</createdTime>
<generatorID>3C1BC8AA-1285-10A9-1039-E9C15464244E</generatorID>
<ownerDesignName>Modelo_Cultivo</ownerDesignName>
<engineerTo>
<item key="7C716B56-D161-3B67-BA32-092B9D9CCF2F" value="true"/>
</engineerTo>
<referedAttribute>ED9367FB-0ABF-FE76-2775-26214F67AA3C</referedAttribute>
<useDomainConstraints>false</useDomainConstraints>
<use>1</use>
<logicalDatatype>LOGDT019</logicalDatatype>
<dataTypePrecision>10</dataTypePrecision>
<ownDataTypeParameters>,10,</ownDataTypeParameters>
</Attribute>
<Attribute name="data_semeadura" id="FF1F8E59-0446-5553-CAEF-D421593D7B2D">
<createdBy>ccast</createdBy>
<createdTime>2024-10-12 19:01:25 UTC</createdTime>
<ownerDesignName>Modelo_Cultivo</ownerDesignName>
<engineerTo>
<item key="7C716B56-D161-3B67-BA32-092B9D9CCF2F" value="true"/>
</engineerTo>
<useDomainConstraints>false</useDomainConstraints>
<use>1</use>
<logicalDatatype>LOGDT007</logicalDatatype>
<ownDataTypeParameters>,,</ownDataTypeParameters>
</Attribute>
<Attribute name="data_colheita" id="41ACF3AD-9B55-3919-F460-901CBCB6A818">
<createdBy>ccast</createdBy>
<createdTime>2024-10-12 19:02:09 UTC</createdTime>
<ownerDesignName>Modelo_Cultivo</ownerDesignName>
<engineerTo>
<item key="7C716B56-D161-3B67-BA32-092B9D9CCF2F" value="true"/>
</engineerTo>
<nullsAllowed>true</nullsAllowed>
<useDomainConstraints>false</useDomainConstraints>
<use>1</use>
<logicalDatatype>LOGDT007</logicalDatatype>
<ownDataTypeParameters>,,</ownDataTypeParameters>
</Attribute>
<Attribute name="rendimento" id="F42A1691-9936-F726-D91E-FA246559E25C">
<createdBy>ccast</createdBy>
<createdTime>2024-10-12 19:03:55 UTC</createdTime>
<ownerDesignName>Modelo_Cultivo</ownerDesignName>
<engineerTo>
<item key="7C716B56-D161-3B67-BA32-092B9D9CCF2F" value="true"/>
</engineerTo>
<useDomainConstraints>false</useDomainConstraints>
<use>1</use>
<logicalDatatype>LOGDT019</logicalDatatype>
<dataTypePrecision>15</dataTypePrecision>
<dataTypeScale>2</dataTypeScale>
<ownDataTypeParameters>,15,2</ownDataTypeParameters>
</Attribute>
</attributes>
<identifiers itemClass="oracle.dbtools.crest.model.design.logical.CandidateKey">
<identifier id="E5DBD1A1-5A3B-48C0-5002-12949FDB842A" name="tb_agro_cultivo PK">
<createdBy>ccast</createdBy>
<createdTime>2024-10-12 18:59:04 UTC</createdTime>
<ownerDesignName>Modelo_Cultivo</ownerDesignName>
<engineerTo>
<item key="7C716B56-D161-3B67-BA32-092B9D9CCF2F" value="true"/>
</engineerTo>
<pk>true</pk>
<usedAttributes>
<attributeRef>9BBF2DC4-6EDE-94AC-D56B-80A5CC3C1FDA</attributeRef>
</usedAttributes>
</identifier>
</identifiers>
</Entity>