<?xml version = '1.0' encoding = 'UTF-8'?>
<Entity class="oracle.dbtools.crest.model.design.logical.Entity" directorySegmentName="seg_0" id="CD0AF7D9-92D1-802D-F229-B96CA59C8F68" name="tb_agro_clima">
<createdBy>ccast</createdBy>
<createdTime>2024-10-11 13:27:51 UTC</createdTime>
<ownerDesignName>Modelo_Cultivo</ownerDesignName>
<engineerTo>
<item key="7C716B56-D161-3B67-BA32-092B9D9CCF2F" value="true"/>
</engineerTo>
<adequatelyNormalized>NO</adequatelyNormalized>
<expectedVolumes>0</expectedVolumes>
<fwdEngineeringStrategyName>Single Table</fwdEngineeringStrategyName>
<growthPercent>0</growthPercent>
<growthType>Year</growthType>
<maxVolumes>9999999</maxVolumes>
<minVolumes>0</minVolumes>
<normalForm>Third</normalForm>
<attributes itemClass="oracle.dbtools.crest.model.design.logical.Attribute">
<Attribute name="clima_id" id="B5F5AA95-4E90-AFC9-5406-226B4FAD39A1">
<createdBy>ccast</createdBy>
<createdTime>2024-10-12 19:13:39 UTC</createdTime>
<ownerDesignName>Modelo_Cultivo</ownerDesignName>
<engineerTo>
<item key="7C716B56-D161-3B67-BA32-092B9D9CCF2F" value="true"/>
</engineerTo>
<useDomainConstraints>false</useDomainConstraints>
<use>1</use>
<logicalDatatype>LOGDT019</logicalDatatype>
<dataTypePrecision>10</dataTypePrecision>
<ownDataTypeParameters>,10,</ownDataTypeParameters>
</Attribute>
<Attribute name="data" id="380E3771-0A96-E489-6C4D-E58BBD1E3A07">
<createdBy>ccast</createdBy>
<createdTime>2024-10-12 19:14:34 UTC</createdTime>
<ownerDesignName>Modelo_Cultivo</ownerDesignName>
<engineerTo>
<item key="7C716B56-D161-3B67-BA32-092B9D9CCF2F" value="true"/>
</engineerTo>
<useDomainConstraints>false</useDomainConstraints>
<use>1</use>
<logicalDatatype>LOGDT007</logicalDatatype>
<ownDataTypeParameters>,,</ownDataTypeParameters>
</Attribute>
<Attribute name="hora" id="01B50750-B549-DA87-D830-F1F44B23EEAA">
<createdBy>ccast</createdBy>
<createdTime>2024-10-12 19:15:07 UTC</createdTime>
<ownerDesignName>Modelo_Cultivo</ownerDesignName>
<engineerTo>
<item key="7C716B56-D161-3B67-BA32-092B9D9CCF2F" value="true"/>
</engineerTo>
<useDomainConstraints>false</useDomainConstraints>
<use>1</use>
<logicalDatatype>LOGDT008</logicalDatatype>
<ownDataTypeParameters>,,</ownDataTypeParameters>
</Attribute>
<Attribute name="temp_max" id="734197B6-8F2D-43A3-B49D-FCB3A2D2638E">
<createdBy>ccast</createdBy>
<createdTime>2024-10-12 19:15:46 UTC</createdTime>
<ownerDesignName>Modelo_Cultivo</ownerDesignName>
<engineerTo>
<item key="7C716B56-D161-3B67-BA32-092B9D9CCF2F" value="true"/>
</engineerTo>
<useDomainConstraints>false</useDomainConstraints>
<use>1</use>
<logicalDatatype>LOGDT019</logicalDatatype>
<dataTypePrecision>10</dataTypePrecision>
<dataTypeScale>2</dataTypeScale>
<ownDataTypeParameters>,10,2</ownDataTypeParameters>
</Attribute>
<Attribute name="temp_min" id="FEDE0A66-85BF-8D6B-7894-23D595CC56EA">
<createdBy>ccast</createdBy>
<createdTime>2024-10-12 19:17:16 UTC</createdTime>
<ownerDesignName>Modelo_Cultivo</ownerDesignName>
<engineerTo>
<item key="7C716B56-D161-3B67-BA32-092B9D9CCF2F" value="true"/>
</engineerTo>
<useDomainConstraints>false</useDomainConstraints>
<use>1</use>
<logicalDatatype>LOGDT019</logicalDatatype>
<dataTypePrecision>10</dataTypePrecision>
<dataTypeScale>2</dataTypeScale>
<ownDataTypeParameters>,10,2</ownDataTypeParameters>
</Attribute>
<Attribute name="precipita" id="0B6920FD-82D6-C05E-7628-975AD6F48E13">
<createdBy>ccast</createdBy>
<createdTime>2024-10-12 19:17:40 UTC</createdTime>
<ownerDesignName>Modelo_Cultivo</ownerDesignName>
<engineerTo>
<item key="7C716B56-D161-3B67-BA32-092B9D9CCF2F" value="true"/>
</engineerTo>
<useDomainConstraints>false</useDomainConstraints>
<use>1</use>
<logicalDatatype>LOGDT019</logicalDatatype>
<dataTypePrecision>10</dataTypePrecision>
<dataTypeScale>2</dataTypeScale>
<ownDataTypeParameters>,10,2</ownDataTypeParameters>
</Attribute>
<Attribute name="umidade" id="C1AC1F98-C45B-2956-F8CB-CDAB462D0913">
<createdBy>ccast</createdBy>
<createdTime>2024-10-12 19:18:50 UTC</createdTime>
<ownerDesignName>Modelo_Cultivo</ownerDesignName>
<engineerTo>
<item key="7C716B56-D161-3B67-BA32-092B9D9CCF2F" value="true"/>
</engineerTo>
<useDomainConstraints>false</useDomainConstraints>
<use>1</use>
<logicalDatatype>LOGDT019</logicalDatatype>
<dataTypePrecision>10</dataTypePrecision>
<dataTypeScale>2</dataTypeScale>
<ownDataTypeParameters>,10,2</ownDataTypeParameters>
</Attribute>
<Attribute name="rad_solar" id="46EE6D88-F758-52C7-8A75-8440A3744BB4">
<createdBy>ccast</createdBy>
<createdTime>2024-10-12 19:19:38 UTC</createdTime>
<ownerDesignName>Modelo_Cultivo</ownerDesignName>
<engineerTo>
<item key="7C716B56-D161-3B67-BA32-092B9D9CCF2F" value="true"/>
</engineerTo>
<useDomainConstraints>false</useDomainConstraints>
<use>1</use>
<logicalDatatype>LOGDT019</logicalDatatype>
<dataTypePrecision>10</dataTypePrecision>
<dataTypeScale>2</dataTypeScale>
<ownDataTypeParameters>,10,2</ownDataTypeParameters>
</Attribute>
<Attribute name="veloc_vento" id="BB2DE3BC-8E65-8A50-35AB-1BC2EA2CC8F5">
<createdBy>ccast</createdBy>
<createdTime>2024-10-12 19:20:07 UTC</createdTime>
<ownerDesignName>Modelo_Cultivo</ownerDesignName>
<engineerTo>
<item key="7C716B56-D161-3B67-BA32-092B9D9CCF2F" value="true"/>
</engineerTo>
<useDomainConstraints>false</useDomainConstraints>
<use>1</use>
<logicalDatatype>LOGDT019</logicalDatatype>
<dataTypePrecision>10</dataTypePrecision>
<dataTypeScale>2</dataTypeScale>
<ownDataTypeParameters>,10,2</ownDataTypeParameters>
</Attribute>
</attributes>
<identifiers itemClass="oracle.dbtools.crest.model.design.logical.CandidateKey">
<identifier id="80C6400E-D602-F7A1-4FF9-448C74204AFB" name="tb_agro_clima PK">
<createdBy>ccast</createdBy>
<createdTime>2024-10-12 19:14:27 UTC</createdTime>
<ownerDesignName>Modelo_Cultivo</ownerDesignName>
<engineerTo>
<item key="7C716B56-D161-3B67-BA32-092B9D9CCF2F" value="true"/>
</engineerTo>
<pk>true</pk>
<usedAttributes>
<attributeRef>B5F5AA95-4E90-AFC9-5406-226B4FAD39A1</attributeRef>
</usedAttributes>
</identifier>
</identifiers>
</Entity>