<?xml version = '1.0' encoding = 'UTF-8'?>
<Relation class="oracle.dbtools.crest.model.design.logical.Relation" name="pertence" directorySegmentName="seg_0" id="3C1BC8AA-1285-10A9-1039-E9C15464244E">
<createdBy>ccast</createdBy>
<createdTime>2024-10-12 19:05:58 UTC</createdTime>
<ownerDesignName>Modelo_Cultivo</ownerDesignName>
<sourcePk>0208C6AE-308E-468D-7FBD-997F578A4A2D</sourcePk>
<identifying>false</identifying>
<optionalSource>true</optionalSource>
<optionalTarget>false</optionalTarget>
<sourceCardinality>1</sourceCardinality>
<sourceEntity>39A44838-FB45-98A3-1318-FD801E4F11F9</sourceEntity>
<targetCardinalityString>*</targetCardinalityString>
<targetEntity>CA58D150-5ACF-6C53-A638-39FB7D3B893A</targetEntity>
<transferable>true</transferable>
<deleteRule>NO ACTION</deleteRule>
</Relation>