<?xml version = '1.0' encoding = 'UTF-8'?>
<Relation class="oracle.dbtools.crest.model.design.logical.Relation" name="recibe" directorySegmentName="seg_0" id="90DDDE4A-8423-3D21-A98C-11EE7E24248C">
<createdBy>ccast</createdBy>
<createdTime>2024-10-12 21:11:18 UTC</createdTime>
<ownerDesignName>Modelo_Cultivo</ownerDesignName>
<sourcePk>E5DBD1A1-5A3B-48C0-5002-12949FDB842A</sourcePk>
<identifying>false</identifying>
<optionalSource>true</optionalSource>
<optionalTarget>false</optionalTarget>
<sourceCardinality>1</sourceCardinality>
<sourceEntity>CA58D150-5ACF-6C53-A638-39FB7D3B893A</sourceEntity>
<targetCardinalityString>*</targetCardinalityString>
<targetEntity>9DB9E1F8-271B-1C8E-D17F-68710B9CA9EC</targetEntity>
<transferable>true</transferable>
<deleteRule>NO ACTION</deleteRule>
</Relation>