<?xml version = '1.0' encoding = 'UTF-8'?>
<Relation class="oracle.dbtools.crest.model.design.logical.Relation" name="definir" directorySegmentName="seg_0" id="94C8D500-0A77-0F3A-D39B-C8C5FCD23C41">
<createdBy>ccast</createdBy>
<createdTime>2024-10-12 19:04:37 UTC</createdTime>
<ownerDesignName>Modelo_Cultivo</ownerDesignName>
<engineerTo>
<item key="2BB92DAE-0A4A-D236-FF8F-0112E5289D4C" value="true"/>
</engineerTo>
<sourcePk>6EA0300D-62C6-75B0-2D0A-D2EDEDF03CC3</sourcePk>
<identifying>false</identifying>
<optionalSource>true</optionalSource>
<optionalTarget>false</optionalTarget>
<sourceCardinality>1</sourceCardinality>
<sourceEntity>44DA7B3D-CB68-82BE-F3AD-B14D2DB2D451</sourceEntity>
<targetCardinalityString>*</targetCardinalityString>
<targetEntity>CA58D150-5ACF-6C53-A638-39FB7D3B893A</targetEntity>
<transferable>true</transferable>
<deleteRule>NO ACTION</deleteRule>
</Relation>