<?xml version = '1.0' encoding = 'UTF-8'?>
<Relation class="oracle.dbtools.crest.model.design.logical.Relation" name="condiciona" directorySegmentName="seg_0" id="9D784FD9-F9D5-4738-6353-9CDCAA392251">
<createdBy>ccast</createdBy>
<createdTime>2024-10-12 18:01:18 UTC</createdTime>
<ownerDesignName>Modelo_Cultivo</ownerDesignName>
<engineerTo>
<item key="2BB92DAE-0A4A-D236-FF8F-0112E5289D4C" value="true"/>
</engineerTo>
<sourcePk>2B3F8056-7941-702A-92AE-4A8A015EB1A5</sourcePk>
<identifying>false</identifying>
<optionalSource>true</optionalSource>
<optionalTarget>false</optionalTarget>
<sourceCardinality>1</sourceCardinality>
<sourceEntity>E956C361-C003-2920-F191-03EC98665531</sourceEntity>
<targetCardinalityString>*</targetCardinalityString>
<targetEntity>2A9991A6-DFA3-6D5A-1BC3-8A9F63F000A7</targetEntity>
<transferable>true</transferable>
<deleteRule>NO ACTION</deleteRule>
</Relation>