<?xml version = '1.0' encoding = 'UTF-8'?>
<Relation class="oracle.dbtools.crest.model.design.logical.Relation" name="afecta" directorySegmentName="seg_0" id="9F2CE1FD-715F-1B22-1996-B52A555AD52B">
<createdBy>ccast</createdBy>
<createdTime>2024-10-15 01:59:48 UTC</createdTime>
<ownerDesignName>Modelo_Cultivo</ownerDesignName>
<engineerTo>
<item key="7C716B56-D161-3B67-BA32-092B9D9CCF2F" value="true"/>
</engineerTo>
<sourcePk>80C6400E-D602-F7A1-4FF9-448C74204AFB</sourcePk>
<identifying>false</identifying>
<optionalSource>false</optionalSource>
<optionalTarget>false</optionalTarget>
<sourceCardinality>*</sourceCardinality>
<sourceEntity>CD0AF7D9-92D1-802D-F229-B96CA59C8F68</sourceEntity>
<targetCardinalityString>*</targetCardinalityString>
<targetEntity>CA58D150-5ACF-6C53-A638-39FB7D3B893A</targetEntity>
<transferable>true</transferable>
<deleteRule>NO ACTION</deleteRule>
</Relation>