<?xml version = '1.0' encoding = 'UTF-8'?>
<Relation class="oracle.dbtools.crest.model.design.logical.Relation" name="classifica" directorySegmentName="seg_0" id="C6637984-D9C9-52EC-D4F0-E31DB4D1E48A">
<createdBy>ccast</createdBy>
<createdTime>2024-10-13 12:45:56 UTC</createdTime>
<ownerDesignName>Modelo_Cultivo</ownerDesignName>
<sourcePk>8165A3CD-E22A-A996-B61E-2B78D374F265</sourcePk>
<identifying>false</identifying>
<optionalSource>true</optionalSource>
<optionalTarget>false</optionalTarget>
<sourceCardinality>1</sourceCardinality>
<sourceEntity>A44CD553-7F37-51E9-8DDE-5DF4043C6A25</sourceEntity>
<targetCardinalityString>*</targetCardinalityString>
<targetEntity>2D3FDBD2-9D30-0F1F-AA3B-3240DAEC3D27</targetEntity>
<transferable>true</transferable>
<deleteRule>NO ACTION</deleteRule>
</Relation>