<?xml version = '1.0' encoding = 'UTF-8'?>
<Diagram class="oracle.dbtools.crest.swingui.logical.DPVLogical" name="Logical" id="D0CFBEB7-0283-885C-8BC1-CDF812B2CE36">
<createdBy>ccast</createdBy>
<modifiedBy>ccast</modifiedBy>
<createdTime>2024-09-27 21:43:04 UTC</createdTime>
<autoRoute>false</autoRoute>
<boxInbox>true</boxInbox>
<showLegend>false</showLegend>
<showLabels>true</showLabels>
<showRelAttributes>true</showRelAttributes>
<gridEnabled>false</gridEnabled>
<showGrid>false</showGrid>
<diagramColor>-1</diagramColor>
<display>false</display>
<notation>2</notation>
<objectViews>
<OView class="oracle.dbtools.crest.swingui.logical.TVEntity" oid="01E610BE-53C3-2637-7846-325C7308B103" otype="Entity" vid="3FEFA519-D9DB-FDA3-2413-D41912991821">
<hideElementsInCurrentOnly>false</hideElementsInCurrentOnly>
<bounds x="891" y="171" width="170" height="146"/>
</OView>
<OView class="oracle.dbtools.crest.swingui.logical.TVEntity" oid="2A9991A6-DFA3-6D5A-1BC3-8A9F63F000A7" otype="Entity" vid="5F97772A-781F-E8A4-5D1D-8867FDEBE6FA">
<hideElementsInCurrentOnly>false</hideElementsInCurrentOnly>
<bounds x="610" y="20" width="215" height="110"/>
</OView>
<OView class="oracle.dbtools.crest.swingui.logical.TVEntity" oid="2D3FDBD2-9D30-0F1F-AA3B-3240DAEC3D27" otype="Entity" vid="CB361FB6-CD67-38DE-01C9-A7C8BB3F5E0C">
<hideElementsInCurrentOnly>false</hideElementsInCurrentOnly>
<bounds x="624" y="417" width="182" height="115"/>
</OView>
<OView class="oracle.dbtools.crest.swingui.logical.TVEntity" oid="39A44838-FB45-98A3-1318-FD801E4F11F9" otype="Entity" vid="86777B76-5D51-B395-65B2-998C1D3A691C">
<hideElementsInCurrentOnly>false</hideElementsInCurrentOnly>
<bounds x="14" y="124" width="202" height="156"/>
</OView>
<OView class="oracle.dbtools.crest.swingui.logical.TVEntity" oid="44DA7B3D-CB68-82BE-F3AD-B14D2DB2D451" otype="Entity" vid="651F5BC1-0625-E4C3-E5A5-7B25EE9A4258">
<hideElementsInCurrentOnly>false</hideElementsInCurrentOnly>
<bounds x="623" y="192" width="209" height="110"/>
</OView>
<OView class="oracle.dbtools.crest.swingui.logical.TVEntity" oid="9DB9E1F8-271B-1C8E-D17F-68710B9CA9EC" otype="Entity" vid="E3B8ACB0-A6A8-8EE6-A10F-AE4B02B9FF26">
<hideElementsInCurrentOnly>false</hideElementsInCurrentOnly>
<bounds x="356" y="435" width="210" height="152"/>
</OView>
<OView class="oracle.dbtools.crest.swingui.logical.TVEntity" oid="A44CD553-7F37-51E9-8DDE-5DF4043C6A25" otype="Entity" vid="4D0F0212-BE53-DC44-571B-5472641BD657">
<hideElementsInCurrentOnly>false</hideElementsInCurrentOnly>
<bounds x="860" y="417" width="170" height="110"/>
</OView>
<OView class="oracle.dbtools.crest.swingui.logical.TVEntity" oid="CA58D150-5ACF-6C53-A638-39FB7D3B893A" otype="Entity" vid="1E508DC8-6206-B3A1-C81C-0D3518EE01FC">
<hideElementsInCurrentOnly>false</hideElementsInCurrentOnly>
<bounds x="348" y="179" width="212" height="181"/>
</OView>
<OView class="oracle.dbtools.crest.swingui.logical.TVEntity" oid="CD0AF7D9-92D1-802D-F229-B96CA59C8F68" otype="Entity" vid="607C67F2-F54E-04B9-425C-4A0CC0A1FDCD">
<hideElementsInCurrentOnly>false</hideElementsInCurrentOnly>
<bounds x="11" y="293" width="208" height="205"/>
</OView>
<OView class="oracle.dbtools.crest.swingui.logical.TVEntity" oid="E956C361-C003-2920-F191-03EC98665531" otype="Entity" vid="F3915A4C-1FB5-3D5B-917E-9866AD00DC7C">
<hideElementsInCurrentOnly>false</hideElementsInCurrentOnly>
<bounds x="321" y="12" width="198" height="110"/>
</OView>
</objectViews>
<connectors>
<Connector class="oracle.dbtools.crest.swingui.logical.TVRelation" oid="3C1BC8AA-1285-10A9-1039-E9C15464244E" otype="Relation" vid_source="86777B76-5D51-B395-65B2-998C1D3A691C" vid_target="1E508DC8-6206-B3A1-C81C-0D3518EE01FC">
<hideElementsInCurrentOnly>false</hideElementsInCurrentOnly>
<backgroundColor>-16777216</backgroundColor>
<lineWidth>1</lineWidth>
<points>
<point x="216" y="229"/>
<point x="348" y="229"/>
</points>
</Connector>
<Connector class="oracle.dbtools.crest.swingui.logical.TVRelation" oid="90DDDE4A-8423-3D21-A98C-11EE7E24248C" otype="Relation" vid_source="1E508DC8-6206-B3A1-C81C-0D3518EE01FC" vid_target="E3B8ACB0-A6A8-8EE6-A10F-AE4B02B9FF26">
<hideElementsInCurrentOnly>false</hideElementsInCurrentOnly>
<backgroundColor>-16777216</backgroundColor>
<lineWidth>1</lineWidth>
<points>
<point x="458" y="360"/>
<point x="458" y="435"/>
</points>
</Connector>
<Connector class="oracle.dbtools.crest.swingui.logical.TVRelation" oid="94C8D500-0A77-0F3A-D39B-C8C5FCD23C41" otype="Relation" vid_source="651F5BC1-0625-E4C3-E5A5-7B25EE9A4258" vid_target="1E508DC8-6206-B3A1-C81C-0D3518EE01FC">
<hideElementsInCurrentOnly>false</hideElementsInCurrentOnly>
<backgroundColor>-16777216</backgroundColor>
<lineWidth>1</lineWidth>
<points>
<point x="623" y="247"/>
<point x="560" y="247"/>
</points>
</Connector>
<Connector class="oracle.dbtools.crest.swingui.logical.TVRelation" oid="9D784FD9-F9D5-4738-6353-9CDCAA392251" otype="Relation" vid_source="F3915A4C-1FB5-3D5B-917E-9866AD00DC7C" vid_target="5F97772A-781F-E8A4-5D1D-8867FDEBE6FA">
<hideElementsInCurrentOnly>false</hideElementsInCurrentOnly>
<backgroundColor>-16777216</backgroundColor>
<lineWidth>1</lineWidth>
<points>
<point x="519" y="71"/>
<point x="610" y="71"/>
</points>
</Connector>
<Connector class="oracle.dbtools.crest.swingui.logical.TVRelation" oid="9F2CE1FD-715F-1B22-1996-B52A555AD52B" otype="Relation" vid_source="607C67F2-F54E-04B9-425C-4A0CC0A1FDCD" vid_target="1E508DC8-6206-B3A1-C81C-0D3518EE01FC">
<hideElementsInCurrentOnly>false</hideElementsInCurrentOnly>
<backgroundColor>-16777216</backgroundColor>
<lineWidth>1</lineWidth>
<points>
<point x="219" y="326"/>
<point x="348" y="326"/>
</points>
</Connector>
<Connector class="oracle.dbtools.crest.swingui.logical.TVRelation" oid="C6637984-D9C9-52EC-D4F0-E31DB4D1E48A" otype="Relation" vid_source="4D0F0212-BE53-DC44-571B-5472641BD657" vid_target="CB361FB6-CD67-38DE-01C9-A7C8BB3F5E0C">
<hideElementsInCurrentOnly>false</hideElementsInCurrentOnly>
<backgroundColor>-16777216</backgroundColor>
<lineWidth>1</lineWidth>
<points>
<point x="860" y="472"/>
<point x="806" y="472"/>
</points>
</Connector>
</connectors>
</Diagram>