<?xml version = '1.0' encoding = 'UTF-8'?>
<Diagram class="oracle.dbtools.crest.swingui.relational.DPVRelational" name="Relational_1" id="EA433CEF-7872-3476-BF83-9935F5F1D23E">
<createdBy>ccast</createdBy>
<modifiedBy>ccast</modifiedBy>
<createdTime>2024-10-15 02:02:06 UTC</createdTime>
<autoRoute>false</autoRoute>
<boxInbox>true</boxInbox>
<showLegend>false</showLegend>
<showLabels>false</showLabels>
<showRelAttributes>false</showRelAttributes>
<gridEnabled>false</gridEnabled>
<showGrid>false</showGrid>
<diagramColor>-1</diagramColor>
<display>false</display>
<notation>1</notation>
<objectViews>
<OView class="oracle.dbtools.crest.swingui.relational.TVTable" oid="20F34376-7FFC-B655-849E-8D3A909F23E5" otype="Table" vid="16E4F814-1A0D-9F45-20AC-96CED385D231">
<hideElementsInCurrentOnly>false</hideElementsInCurrentOnly>
<bounds x="628" y="377" width="182" height="143"/>
</OView>
<OView class="oracle.dbtools.crest.swingui.relational.TVTable" oid="3BA0E43E-CEF6-2D5E-8DA4-15C845E87FC2" otype="Table" vid="057227AA-8312-04F2-64AA-8B17061F511D">
<hideElementsInCurrentOnly>false</hideElementsInCurrentOnly>
<bounds x="289" y="389" width="276" height="162"/>
</OView>
<OView class="oracle.dbtools.crest.swingui.relational.TVTable" oid="448A3DA4-A9CB-04F9-D39A-64ACA98ECC05" otype="Table" vid="3149AF1C-80DB-F189-51FB-CC489A555608">
<hideElementsInCurrentOnly>false</hideElementsInCurrentOnly>
<bounds x="831" y="14" width="215" height="146"/>
</OView>
<OView class="oracle.dbtools.crest.swingui.relational.TVTable" oid="4E455415-D893-58A3-4A1F-BEC1A33CA712" otype="Table" vid="55E2DD75-0B04-7EC5-A69F-615A3D59D902">
<hideElementsInCurrentOnly>false</hideElementsInCurrentOnly>
<bounds x="666" y="194" width="209" height="110"/>
</OView>
<OView class="oracle.dbtools.crest.swingui.relational.TVTable" oid="524C87D6-91A9-FAAB-7B0B-62674D826224" otype="Table" vid="5A90411E-9427-0C6D-EAEE-AF7DFAB04B5D">
<hideElementsInCurrentOnly>false</hideElementsInCurrentOnly>
<bounds x="13" y="340" width="208" height="205"/>
</OView>
<OView class="oracle.dbtools.crest.swingui.relational.TVTable" oid="5440B0FF-870F-962E-608B-89D4057C1D0C" otype="Table" vid="D544C206-1E88-C58D-6F63-A46E6A84885D">
<hideElementsInCurrentOnly>false</hideElementsInCurrentOnly>
<bounds x="26" y="25" width="202" height="156"/>
</OView>
<OView class="oracle.dbtools.crest.swingui.relational.TVTable" oid="66E53BBA-4873-1461-2CBA-3E7F5D2A088B" otype="Table" vid="4C57B7DD-D035-A4A9-0BC0-251042B2617F">
<hideElementsInCurrentOnly>false</hideElementsInCurrentOnly>
<bounds x="879" y="369" width="170" height="110"/>
</OView>
<OView class="oracle.dbtools.crest.swingui.relational.TVTable" oid="996AA723-0B3D-2037-B778-8C4798FFBD5C" otype="Table" vid="9B3BE21A-CC59-BC61-56A2-2166E73B891A">
<hideElementsInCurrentOnly>false</hideElementsInCurrentOnly>
<bounds x="579" y="20" width="215" height="127"/>
</OView>
<OView class="oracle.dbtools.crest.swingui.relational.TVTable" oid="C7950020-1539-6054-C117-A3481610CD50" otype="Table" vid="2A04A871-D8AC-5CC1-BD78-37BEC77E9E8C">
<hideElementsInCurrentOnly>false</hideElementsInCurrentOnly>
<bounds x="313" y="23" width="198" height="110"/>
</OView>
<OView class="oracle.dbtools.crest.swingui.relational.TVTable" oid="E99E27BB-A7CC-58F7-69C9-592E9B499E1F" otype="Table" vid="35675414-C5AF-3F4C-1F29-CBE002352E8A">
<hideElementsInCurrentOnly>false</hideElementsInCurrentOnly>
<bounds x="337" y="156" width="273" height="181"/>
</OView>
<OView class="oracle.dbtools.crest.swingui.relational.TVTable" oid="FF815D30-C7BF-1B74-B01F-E80A0BF89ECB" otype="Table" vid="512F4949-795C-A440-1153-CE4A895CC2E6">
<hideElementsInCurrentOnly>false</hideElementsInCurrentOnly>
<bounds x="130" y="190" width="170" height="110"/>
</OView>
</objectViews>
<connectors>
<Connector class="oracle.dbtools.crest.swingui.relational.TVFKRelation" oid="2013ACBE-82BD-DE69-04CA-71F3CB953C34" otype="FKIndexAssociation" vid_source="55E2DD75-0B04-7EC5-A69F-615A3D59D902" vid_target="35675414-C5AF-3F4C-1F29-CBE002352E8A">
<hideElementsInCurrentOnly>false</hideElementsInCurrentOnly>
<backgroundColor>-16777216</backgroundColor>
<lineWidth>1</lineWidth>
<points>
<point x="666" y="249"/>
<point x="610" y="249"/>
</points>
</Connector>
<Connector class="oracle.dbtools.crest.swingui.relational.TVFKRelation" oid="2141DF7C-BBAA-CC26-8D52-ED131C4AB215" otype="FKIndexAssociation" vid_source="2A04A871-D8AC-5CC1-BD78-37BEC77E9E8C" vid_target="9B3BE21A-CC59-BC61-56A2-2166E73B891A">
<hideElementsInCurrentOnly>false</hideElementsInCurrentOnly>
<backgroundColor>-16777216</backgroundColor>
<lineWidth>1</lineWidth>
<points>
<point x="511" y="78"/>
<point x="579" y="78"/>
</points>
</Connector>
<Connector class="oracle.dbtools.crest.swingui.relational.TVFKRelation" oid="32226AFA-187C-DDB6-CBFE-B8EEB3E3B4C8" otype="FKIndexAssociation" vid_source="4C57B7DD-D035-A4A9-0BC0-251042B2617F" vid_target="16E4F814-1A0D-9F45-20AC-96CED385D231">
<hideElementsInCurrentOnly>false</hideElementsInCurrentOnly>
<backgroundColor>-16777216</backgroundColor>
<lineWidth>1</lineWidth>
<points>
<point x="879" y="428"/>
<point x="810" y="428"/>
</points>
</Connector>
<Connector class="oracle.dbtools.crest.swingui.relational.TVFKRelation" oid="79C92845-E087-FD42-36F5-2A20977DC7A1" otype="FKIndexAssociation" vid_source="D544C206-1E88-C58D-6F63-A46E6A84885D" vid_target="35675414-C5AF-3F4C-1F29-CBE002352E8A">
<hideElementsInCurrentOnly>false</hideElementsInCurrentOnly>
<backgroundColor>-16777216</backgroundColor>
<lineWidth>1</lineWidth>
<points>
<point x="228" y="168"/>
<point x="337" y="168"/>
</points>
</Connector>
<Connector class="oracle.dbtools.crest.swingui.relational.TVFKRelation" oid="DF51022D-63DD-3678-C20D-54C9307D0FA5" otype="FKIndexAssociation" vid_source="35675414-C5AF-3F4C-1F29-CBE002352E8A" vid_target="057227AA-8312-04F2-64AA-8B17061F511D">
<hideElementsInCurrentOnly>false</hideElementsInCurrentOnly>
<backgroundColor>-16777216</backgroundColor>
<lineWidth>1</lineWidth>
<points>
<point x="451" y="337"/>
<point x="451" y="389"/>
</points>
</Connector>
<Connector class="oracle.dbtools.crest.swingui.relational.TVFKRelation" oid="E61EC840-36CF-28E3-786B-1CE07BD724BA" otype="FKIndexAssociation" vid_source="5A90411E-9427-0C6D-EAEE-AF7DFAB04B5D" vid_target="512F4949-795C-A440-1153-CE4A895CC2E6">
<hideElementsInCurrentOnly>false</hideElementsInCurrentOnly>
<backgroundColor>-16777216</backgroundColor>
<lineWidth>1</lineWidth>
<points>
<point x="175" y="340"/>
<point x="175" y="300"/>
</points>
</Connector>
<Connector class="oracle.dbtools.crest.swingui.relational.TVFKRelation" oid="F25831A9-02EF-FB0A-26E4-1BD01BCF0C6F" otype="FKIndexAssociation" vid_source="35675414-C5AF-3F4C-1F29-CBE002352E8A" vid_target="512F4949-795C-A440-1153-CE4A895CC2E6">
<hideElementsInCurrentOnly>false</hideElementsInCurrentOnly>
<backgroundColor>-16777216</backgroundColor>
<lineWidth>1</lineWidth>
<points>
<point x="337" y="245"/>
<point x="300" y="245"/>
</points>
</Connector>
</connectors>
</Diagram>