<?xml version = '1.0' encoding = 'UTF-8'?>
<Table class="oracle.dbtools.crest.model.design.relational.Table" directorySegmentName="seg_0" id="3BA0E43E-CEF6-2D5E-8DA4-15C845E87FC2" name="tb_agro_riego">
<createdBy>ccast</createdBy>
<createdTime>2024-10-15 02:02:06 UTC</createdTime>
<generatorID>9DB9E1F8-271B-1C8E-D17F-68710B9CA9EC</generatorID>
<ownerDesignName>Modelo_Cultivo</ownerDesignName>
<allowColumnReorder>false</allowColumnReorder>
<existDependencyGenerateInDDl>true</existDependencyGenerateInDDl>
<parsed>true</parsed>
<columns itemClass="oracle.dbtools.crest.model.design.relational.Column">
<Column name="riego_id" id="34D1E6DF-1FD4-6B16-5827-EA7CE76928D6">
<createdBy>ccast</createdBy>
<createdTime>2024-10-15 02:02:06 UTC</createdTime>
<generatorID>CE92BC43-915D-DF80-712E-C7DCB23BF062</generatorID>
<ownerDesignName>Modelo_Cultivo</ownerDesignName>
<useDomainConstraints>false</useDomainConstraints>
<use>1</use>
<logicalDatatype>LOGDT019</logicalDatatype>
<dataTypePrecision>10</dataTypePrecision>
<ownDataTypeParameters>,10,</ownDataTypeParameters>
<autoIncrementCycle>false</autoIncrementCycle>
</Column>
<Column name="cultivo_id" id="DE3039A1-50C2-D28E-4B1A-6EA0D86BAA19">
<createdBy>ccast</createdBy>
<createdTime>2024-10-15 02:02:06 UTC</createdTime>
<generatorID>532BA7F1-320C-30AB-B3BA-F162359904C4</generatorID>
<ownerDesignName>Modelo_Cultivo</ownerDesignName>
<useDomainConstraints>false</useDomainConstraints>
<use>1</use>
<logicalDatatype>LOGDT019</logicalDatatype>
<dataTypePrecision>10</dataTypePrecision>
<ownDataTypeParameters>,,</ownDataTypeParameters>
<previousColumn>false</previousColumn>
<autoIncrementCycle>false</autoIncrementCycle>
<associations>
<colAssociation fkAssociation="DF51022D-63DD-3678-C20D-54C9307D0FA5" referredColumn="26BFC1A8-73D3-0F92-422C-22223426C654"/>
</associations>
</Column>
<Column name="data_irriga" id="7153DA09-F25A-6F2F-DF11-7ED3A0A43EDA">
<createdBy>ccast</createdBy>
<createdTime>2024-10-15 02:02:06 UTC</createdTime>
<generatorID>8F78B03C-E8B5-4630-6550-E2F486B23761</generatorID>
<ownerDesignName>Modelo_Cultivo</ownerDesignName>
<useDomainConstraints>false</useDomainConstraints>
<use>1</use>
<logicalDatatype>LOGDT007</logicalDatatype>
<ownDataTypeParameters>,,</ownDataTypeParameters>
<autoIncrementCycle>false</autoIncrementCycle>
</Column>
<Column name="hora_ini" id="1175D69E-72C9-6F62-5B50-0C65C34F6088">
<createdBy>ccast</createdBy>
<createdTime>2024-10-15 02:02:06 UTC</createdTime>
<generatorID>CAFE4C2E-1820-68BC-D4EE-96C4ACE9B04C</generatorID>
<ownerDesignName>Modelo_Cultivo</ownerDesignName>
<useDomainConstraints>false</useDomainConstraints>
<use>1</use>
<logicalDatatype>LOGDT008</logicalDatatype>
<ownDataTypeParameters>,,</ownDataTypeParameters>
<autoIncrementCycle>false</autoIncrementCycle>
</Column>
<Column name="hora_fin" id="645ECCF8-C3CF-3488-51D1-6D2610585DB9">
<createdBy>ccast</createdBy>
<createdTime>2024-10-15 02:02:06 UTC</createdTime>
<generatorID>87BFD908-8AC1-F0B1-F316-35971E519802</generatorID>
<ownerDesignName>Modelo_Cultivo</ownerDesignName>
<useDomainConstraints>false</useDomainConstraints>
<use>1</use>
<logicalDatatype>LOGDT008</logicalDatatype>
<ownDataTypeParameters>,,</ownDataTypeParameters>
<autoIncrementCycle>false</autoIncrementCycle>
</Column>
<Column name="quanti_agua" id="CB814EF4-F1B5-7C70-EE1F-34767044F7B1">
<createdBy>ccast</createdBy>
<createdTime>2024-10-15 02:02:06 UTC</createdTime>
<generatorID>AAA5F178-BE07-8B78-F724-BEA59765119F</generatorID>
<ownerDesignName>Modelo_Cultivo</ownerDesignName>
<useDomainConstraints>false</useDomainConstraints>
<use>1</use>
<logicalDatatype>LOGDT019</logicalDatatype>
<dataTypePrecision>10</dataTypePrecision>
<dataTypeScale>2</dataTypeScale>
<ownDataTypeParameters>,10,2</ownDataTypeParameters>
<autoIncrementCycle>false</autoIncrementCycle>
</Column>
<Column name="metodo_irriga" id="2732EBBA-3C98-2660-CCB1-317A33467A79">
<createdBy>ccast</createdBy>
<createdTime>2024-10-15 02:02:06 UTC</createdTime>
<generatorID>DA78C4EE-8D92-2EE9-3CDA-D4DE82EAFB70</generatorID>
<ownerDesignName>Modelo_Cultivo</ownerDesignName>
<useDomainConstraints>false</useDomainConstraints>
<use>1</use>
<logicalDatatype>LOGDT019</logicalDatatype>
<dataTypePrecision>1</dataTypePrecision>
<ownDataTypeParameters>,1,</ownDataTypeParameters>
<autoIncrementCycle>false</autoIncrementCycle>
</Column>
</columns>
<indexes itemClass="oracle.dbtools.crest.model.design.relational.Index">
<ind_PK_UK id="DC2E2138-B01F-4AF8-EBDF-05264917DFCF" name="PK_tb_agro_riego">
<createdBy>ccast</createdBy>
<createdTime>2024-10-15 02:02:06 UTC</createdTime>
<generatorID>AA9ED7A5-323C-CE9A-40BA-CBFF691051CA</generatorID>
<ownerDesignName>Modelo_Cultivo</ownerDesignName>
<pk>true</pk>
<indexState>Primary Constraint</indexState>
<isSurrogateKey>false</isSurrogateKey>
<indexColumnUsage>
<colUsage columnID="34D1E6DF-1FD4-6B16-5827-EA7CE76928D6"/>
</indexColumnUsage>
</ind_PK_UK>
<ind_PK_UK id="AA942459-66CF-E3F0-F8EA-0D4D93266EFA" name="FK_tb_agro_riego_cultivo">
<createdBy>ccast</createdBy>
<createdTime>2024-10-15 02:02:06 UTC</createdTime>
<generatorID>90DDDE4A-8423-3D21-A98C-11EE7E24248C</generatorID>
<ownerDesignName>Modelo_Cultivo</ownerDesignName>
<indexState>Foreign Key</indexState>
<isSurrogateKey>false</isSurrogateKey>
<indexColumnUsage>
<colUsage columnID="DE3039A1-50C2-D28E-4B1A-6EA0D86BAA19"/>
</indexColumnUsage>
</ind_PK_UK>
</indexes>
</Table>