<?xml version = '1.0' encoding = 'UTF-8'?>
<Table class="oracle.dbtools.crest.model.design.relational.Table" directorySegmentName="seg_0" id="4E455415-D893-58A3-4A1F-BEC1A33CA712" name="tb_agro_tp_cultivo">
<createdBy>ccast</createdBy>
<createdTime>2024-10-15 02:02:06 UTC</createdTime>
<generatorID>44DA7B3D-CB68-82BE-F3AD-B14D2DB2D451</generatorID>
<ownerDesignName>Modelo_Cultivo</ownerDesignName>
<allowColumnReorder>false</allowColumnReorder>
<existDependencyGenerateInDDl>true</existDependencyGenerateInDDl>
<parsed>true</parsed>
<columns itemClass="oracle.dbtools.crest.model.design.relational.Column">
<Column name="tp_cultivo_id" id="209665BC-3A1F-B903-AA93-D42967051C7E">
<createdBy>ccast</createdBy>
<createdTime>2024-10-15 02:02:06 UTC</createdTime>
<generatorID>8B680395-51D5-8E3B-2D2D-F92E518A2BF9</generatorID>
<ownerDesignName>Modelo_Cultivo</ownerDesignName>
<useDomainConstraints>false</useDomainConstraints>
<use>1</use>
<logicalDatatype>LOGDT019</logicalDatatype>
<dataTypePrecision>10</dataTypePrecision>
<ownDataTypeParameters>,10,</ownDataTypeParameters>
<autoIncrementCycle>false</autoIncrementCycle>
</Column>
<Column name="descricao" id="8268D1C6-5AC7-836D-9827-2BBEE874DA21">
<createdBy>ccast</createdBy>
<createdTime>2024-10-15 02:02:06 UTC</createdTime>
<generatorID>662C5117-5A66-B01C-1016-369317FC843B</generatorID>
<ownerDesignName>Modelo_Cultivo</ownerDesignName>
<useDomainConstraints>false</useDomainConstraints>
<use>1</use>
<logicalDatatype>LOGDT025</logicalDatatype>
<dataTypeSize>120</dataTypeSize>
<ownDataTypeParameters>120,,</ownDataTypeParameters>
<autoIncrementCycle>false</autoIncrementCycle>
</Column>
<Column name="sit" id="4816987E-9377-1106-94A0-AF6FC47DEAB5">
<createdBy>ccast</createdBy>
<createdTime>2024-10-15 02:02:06 UTC</createdTime>
<generatorID>17ADB58E-C007-D38E-B100-23664397DBCD</generatorID>
<ownerDesignName>Modelo_Cultivo</ownerDesignName>
<nullsAllowed>true</nullsAllowed>
<useDomainConstraints>false</useDomainConstraints>
<use>1</use>
<logicalDatatype>LOGDT019</logicalDatatype>
<dataTypePrecision>1</dataTypePrecision>
<ownDataTypeParameters>,1,</ownDataTypeParameters>
<autoIncrementCycle>false</autoIncrementCycle>
</Column>
</columns>
<indexes itemClass="oracle.dbtools.crest.model.design.relational.Index">
<ind_PK_UK id="60C0A704-E4F2-9967-4DBD-9E3BC305A68E" name="PK_tb_agro_tp_cultivo">
<createdBy>ccast</createdBy>
<createdTime>2024-10-15 02:02:06 UTC</createdTime>
<generatorID>6EA0300D-62C6-75B0-2D0A-D2EDEDF03CC3</generatorID>
<ownerDesignName>Modelo_Cultivo</ownerDesignName>
<pk>true</pk>
<indexState>Primary Constraint</indexState>
<isSurrogateKey>false</isSurrogateKey>
<indexColumnUsage>
<colUsage columnID="209665BC-3A1F-B903-AA93-D42967051C7E"/>
</indexColumnUsage>
</ind_PK_UK>
</indexes>
</Table>