<?xml version = '1.0' encoding = 'UTF-8'?>
<Table class="oracle.dbtools.crest.model.design.relational.Table" directorySegmentName="seg_0" id="5440B0FF-870F-962E-608B-89D4057C1D0C" name="tb_agro_parcela">
<createdBy>ccast</createdBy>
<createdTime>2024-10-15 02:02:06 UTC</createdTime>
<generatorID>39A44838-FB45-98A3-1318-FD801E4F11F9</generatorID>
<ownerDesignName>Modelo_Cultivo</ownerDesignName>
<allowColumnReorder>false</allowColumnReorder>
<existDependencyGenerateInDDl>true</existDependencyGenerateInDDl>
<parsed>true</parsed>
<columns itemClass="oracle.dbtools.crest.model.design.relational.Column">
<Column name="parcela_id" id="EEFAEC1E-935F-7AA8-1ED8-00181F8CF817">
<createdBy>ccast</createdBy>
<createdTime>2024-10-15 02:02:06 UTC</createdTime>
<generatorID>ED9367FB-0ABF-FE76-2775-26214F67AA3C</generatorID>
<ownerDesignName>Modelo_Cultivo</ownerDesignName>
<useDomainConstraints>false</useDomainConstraints>
<use>1</use>
<logicalDatatype>LOGDT019</logicalDatatype>
<dataTypePrecision>10</dataTypePrecision>
<ownDataTypeParameters>,10,</ownDataTypeParameters>
<autoIncrementCycle>false</autoIncrementCycle>
</Column>
<Column name="ubicacao" id="436ED936-2809-9FFC-B617-7242584AD79B">
<createdBy>ccast</createdBy>
<createdTime>2024-10-15 02:02:06 UTC</createdTime>
<generatorID>5B9A2D63-2E21-D945-8CC8-258D4B4FDBF8</generatorID>
<ownerDesignName>Modelo_Cultivo</ownerDesignName>
<useDomainConstraints>false</useDomainConstraints>
<use>1</use>
<logicalDatatype>LOGDT025</logicalDatatype>
<dataTypeSize>120</dataTypeSize>
<ownDataTypeParameters>120,,</ownDataTypeParameters>
<autoIncrementCycle>false</autoIncrementCycle>
</Column>
<Column name="cep" id="3DDC473A-2E70-6B0A-D0FF-E212709FF5D1">
<createdBy>ccast</createdBy>
<createdTime>2024-10-15 02:02:06 UTC</createdTime>
<generatorID>E56BD8B3-E28E-8B88-992D-3AF51C25F6D8</generatorID>
<ownerDesignName>Modelo_Cultivo</ownerDesignName>
<useDomainConstraints>false</useDomainConstraints>
<use>1</use>
<logicalDatatype>LOGDT019</logicalDatatype>
<dataTypePrecision>8</dataTypePrecision>
<ownDataTypeParameters>,8,</ownDataTypeParameters>
<autoIncrementCycle>false</autoIncrementCycle>
</Column>
<Column name="latitude" id="A012F71B-5740-7A36-A58F-651AA66FB5BE">
<createdBy>ccast</createdBy>
<createdTime>2024-10-15 02:02:06 UTC</createdTime>
<generatorID>DDCA9FB9-CDA2-18B6-3638-C69904B0F249</generatorID>
<ownerDesignName>Modelo_Cultivo</ownerDesignName>
<useDomainConstraints>false</useDomainConstraints>
<use>1</use>
<logicalDatatype>LOGDT019</logicalDatatype>
<dataTypePrecision>10</dataTypePrecision>
<dataTypeScale>4</dataTypeScale>
<ownDataTypeParameters>,10,4</ownDataTypeParameters>
<autoIncrementCycle>false</autoIncrementCycle>
</Column>
<Column name="longitude" id="561CCBD0-31A0-A202-9603-5B320CEA00CB">
<createdBy>ccast</createdBy>
<createdTime>2024-10-15 02:02:06 UTC</createdTime>
<generatorID>7C052BAA-9958-1B88-2330-BDC6E8720345</generatorID>
<ownerDesignName>Modelo_Cultivo</ownerDesignName>
<useDomainConstraints>false</useDomainConstraints>
<use>1</use>
<logicalDatatype>LOGDT019</logicalDatatype>
<dataTypePrecision>10</dataTypePrecision>
<dataTypeScale>4</dataTypeScale>
<ownDataTypeParameters>,10,4</ownDataTypeParameters>
<autoIncrementCycle>false</autoIncrementCycle>
</Column>
<Column name="sit" id="DF7DDC46-BB7B-DB83-60B2-5357D67BE24A">
<createdBy>ccast</createdBy>
<createdTime>2024-10-15 02:02:06 UTC</createdTime>
<generatorID>1F2BFB1E-D379-90CF-01EB-9E56B264C36C</generatorID>
<ownerDesignName>Modelo_Cultivo</ownerDesignName>
<useDomainConstraints>false</useDomainConstraints>
<use>1</use>
<logicalDatatype>LOGDT019</logicalDatatype>
<dataTypePrecision>1</dataTypePrecision>
<ownDataTypeParameters>,1,</ownDataTypeParameters>
<autoIncrementCycle>false</autoIncrementCycle>
</Column>
</columns>
<indexes itemClass="oracle.dbtools.crest.model.design.relational.Index">
<ind_PK_UK id="E8915A68-3494-888F-8AEA-EC9D2C3A5A17" name="PK_tb_agro_parcela">
<createdBy>ccast</createdBy>
<createdTime>2024-10-15 02:02:06 UTC</createdTime>
<generatorID>0208C6AE-308E-468D-7FBD-997F578A4A2D</generatorID>
<ownerDesignName>Modelo_Cultivo</ownerDesignName>
<pk>true</pk>
<indexState>Primary Constraint</indexState>
<isSurrogateKey>false</isSurrogateKey>
<indexColumnUsage>
<colUsage columnID="EEFAEC1E-935F-7AA8-1ED8-00181F8CF817"/>
</indexColumnUsage>
</ind_PK_UK>
</indexes>
</Table>