<?xml version = '1.0' encoding = 'UTF-8'?>
<Table class="oracle.dbtools.crest.model.design.relational.Table" directorySegmentName="seg_0" id="996AA723-0B3D-2037-B778-8C4798FFBD5C" name="tb_agro_suelo">
<createdBy>ccast</createdBy>
<createdTime>2024-10-15 02:02:06 UTC</createdTime>
<generatorID>2A9991A6-DFA3-6D5A-1BC3-8A9F63F000A7</generatorID>
<ownerDesignName>Modelo_Cultivo</ownerDesignName>
<allowColumnReorder>false</allowColumnReorder>
<existDependencyGenerateInDDl>true</existDependencyGenerateInDDl>
<parsed>true</parsed>
<columns itemClass="oracle.dbtools.crest.model.design.relational.Column">
<Column name="suelo_id" id="6FCF1930-8EB9-5682-42E1-33A848FA3D22">
<createdBy>ccast</createdBy>
<createdTime>2024-10-15 02:02:06 UTC</createdTime>
<generatorID>71A3817C-0C03-5B2A-C642-A2D9114D46B0</generatorID>
<ownerDesignName>Modelo_Cultivo</ownerDesignName>
<useDomainConstraints>false</useDomainConstraints>
<use>1</use>
<logicalDatatype>LOGDT019</logicalDatatype>
<dataTypePrecision>10</dataTypePrecision>
<ownDataTypeParameters>,10,</ownDataTypeParameters>
<autoIncrementCycle>false</autoIncrementCycle>
</Column>
<Column name="tp_suelo_id" id="A265CF01-9350-B3A7-D10D-B7C2276A1406">
<createdBy>ccast</createdBy>
<createdTime>2024-10-15 02:02:06 UTC</createdTime>
<generatorID>297A0E45-1ECB-CFE2-5320-4CB2A545E235</generatorID>
<ownerDesignName>Modelo_Cultivo</ownerDesignName>
<useDomainConstraints>false</useDomainConstraints>
<use>1</use>
<logicalDatatype>LOGDT019</logicalDatatype>
<dataTypePrecision>10</dataTypePrecision>
<ownDataTypeParameters>,,</ownDataTypeParameters>
<previousColumn>false</previousColumn>
<autoIncrementCycle>false</autoIncrementCycle>
<associations>
<colAssociation fkAssociation="2141DF7C-BBAA-CC26-8D52-ED131C4AB215" referredColumn="98919D29-9DB2-ADE7-92E1-EDB441428A72"/>
</associations>
</Column>
<Column name="cant_ph" id="25A0EE2B-735F-34D5-AC87-4DA6E16A7B9D">
<createdBy>ccast</createdBy>
<createdTime>2024-10-15 02:02:06 UTC</createdTime>
<generatorID>89F7F0D3-A26B-E17A-BED9-768ECF09E87D</generatorID>
<ownerDesignName>Modelo_Cultivo</ownerDesignName>
<useDomainConstraints>false</useDomainConstraints>
<use>1</use>
<logicalDatatype>LOGDT019</logicalDatatype>
<dataTypePrecision>15</dataTypePrecision>
<dataTypeScale>2</dataTypeScale>
<ownDataTypeParameters>,15,2</ownDataTypeParameters>
<autoIncrementCycle>false</autoIncrementCycle>
</Column>
<Column name="cant_nutri" id="54731492-6D68-714F-A714-85138900C155">
<createdBy>ccast</createdBy>
<createdTime>2024-10-15 02:02:06 UTC</createdTime>
<generatorID>06CCA484-9D3C-4E14-2FBB-FC3106CE0F72</generatorID>
<ownerDesignName>Modelo_Cultivo</ownerDesignName>
<useDomainConstraints>false</useDomainConstraints>
<use>1</use>
<logicalDatatype>LOGDT019</logicalDatatype>
<dataTypePrecision>15</dataTypePrecision>
<dataTypeScale>2</dataTypeScale>
<ownDataTypeParameters>,15,2</ownDataTypeParameters>
<autoIncrementCycle>false</autoIncrementCycle>
</Column>
</columns>
<indexes itemClass="oracle.dbtools.crest.model.design.relational.Index">
<ind_PK_UK id="2ABD3E26-5EC9-0FBA-0663-6AE1B19E1318" name="PK_tb_agro_suelo">
<createdBy>ccast</createdBy>
<createdTime>2024-10-15 02:02:06 UTC</createdTime>
<generatorID>5E71553B-FD5E-CD0F-9393-682A0DE9E672</generatorID>
<ownerDesignName>Modelo_Cultivo</ownerDesignName>
<pk>true</pk>
<indexState>Primary Constraint</indexState>
<isSurrogateKey>false</isSurrogateKey>
<indexColumnUsage>
<colUsage columnID="6FCF1930-8EB9-5682-42E1-33A848FA3D22"/>
</indexColumnUsage>
</ind_PK_UK>
<ind_PK_UK id="9A71C5E6-D2BF-3AA7-DA24-CFC286AA5273" name="FK_tb_agro_suelo_tp_suelo">
<createdBy>ccast</createdBy>
<createdTime>2024-10-15 02:02:06 UTC</createdTime>
<generatorID>9D784FD9-F9D5-4738-6353-9CDCAA392251</generatorID>
<ownerDesignName>Modelo_Cultivo</ownerDesignName>
<indexState>Foreign Key</indexState>
<isSurrogateKey>false</isSurrogateKey>
<indexColumnUsage>
<colUsage columnID="A265CF01-9350-B3A7-D10D-B7C2276A1406"/>
</indexColumnUsage>
</ind_PK_UK>
</indexes>
</Table>