<?xml version = '1.0' encoding = 'UTF-8'?>
<Table class="oracle.dbtools.crest.model.design.relational.Table" directorySegmentName="seg_0" id="E99E27BB-A7CC-58F7-69C9-592E9B499E1F" name="tb_agro_cultivo">
<createdBy>ccast</createdBy>
<createdTime>2024-10-15 02:02:06 UTC</createdTime>
<generatorID>CA58D150-5ACF-6C53-A638-39FB7D3B893A</generatorID>
<ownerDesignName>Modelo_Cultivo</ownerDesignName>
<allowColumnReorder>false</allowColumnReorder>
<existDependencyGenerateInDDl>true</existDependencyGenerateInDDl>
<parsed>true</parsed>
<columns itemClass="oracle.dbtools.crest.model.design.relational.Column">
<Column name="cultivo_id" id="26BFC1A8-73D3-0F92-422C-22223426C654">
<createdBy>ccast</createdBy>
<createdTime>2024-10-15 02:02:06 UTC</createdTime>
<generatorID>9BBF2DC4-6EDE-94AC-D56B-80A5CC3C1FDA</generatorID>
<ownerDesignName>Modelo_Cultivo</ownerDesignName>
<useDomainConstraints>false</useDomainConstraints>
<use>1</use>
<logicalDatatype>LOGDT019</logicalDatatype>
<dataTypePrecision>10</dataTypePrecision>
<ownDataTypeParameters>,10,</ownDataTypeParameters>
<autoIncrementCycle>false</autoIncrementCycle>
</Column>
<Column name="tp_cultivo_id" id="DAEBEE7F-3D98-F7A2-2C2F-610F3AAF6FB4">
<createdBy>ccast</createdBy>
<createdTime>2024-10-15 02:02:06 UTC</createdTime>
<generatorID>60C4C815-A2F9-C11C-A02D-DCE8AF1F32BF</generatorID>
<ownerDesignName>Modelo_Cultivo</ownerDesignName>
<useDomainConstraints>false</useDomainConstraints>
<use>1</use>
<logicalDatatype>LOGDT019</logicalDatatype>
<dataTypePrecision>10</dataTypePrecision>
<ownDataTypeParameters>,,</ownDataTypeParameters>
<previousColumn>false</previousColumn>
<autoIncrementCycle>false</autoIncrementCycle>
<associations>
<colAssociation fkAssociation="2013ACBE-82BD-DE69-04CA-71F3CB953C34" referredColumn="209665BC-3A1F-B903-AA93-D42967051C7E"/>
</associations>
</Column>
<Column name="parcela_id" id="1D8B186E-2E4B-28EA-6232-DAB911A6F785">
<createdBy>ccast</createdBy>
<createdTime>2024-10-15 02:02:06 UTC</createdTime>
<generatorID>21FBE80D-4A7F-69D5-4E6B-550683AF2FAF</generatorID>
<ownerDesignName>Modelo_Cultivo</ownerDesignName>
<useDomainConstraints>false</useDomainConstraints>
<use>1</use>
<logicalDatatype>LOGDT019</logicalDatatype>
<dataTypePrecision>10</dataTypePrecision>
<ownDataTypeParameters>,,</ownDataTypeParameters>
<previousColumn>false</previousColumn>
<autoIncrementCycle>false</autoIncrementCycle>
<associations>
<colAssociation fkAssociation="79C92845-E087-FD42-36F5-2A20977DC7A1" referredColumn="EEFAEC1E-935F-7AA8-1ED8-00181F8CF817"/>
</associations>
</Column>
<Column name="data_semeadura" id="9EE55A3D-F08D-883B-EDE5-616892EA2A39">
<createdBy>ccast</createdBy>
<createdTime>2024-10-15 02:02:06 UTC</createdTime>
<generatorID>FF1F8E59-0446-5553-CAEF-D421593D7B2D</generatorID>
<ownerDesignName>Modelo_Cultivo</ownerDesignName>
<useDomainConstraints>false</useDomainConstraints>
<use>1</use>
<logicalDatatype>LOGDT007</logicalDatatype>
<ownDataTypeParameters>,,</ownDataTypeParameters>
<autoIncrementCycle>false</autoIncrementCycle>
</Column>
<Column name="data_colheita" id="A11AAA39-9ACE-2458-58FB-950119B40E3A">
<createdBy>ccast</createdBy>
<createdTime>2024-10-15 02:02:06 UTC</createdTime>
<generatorID>41ACF3AD-9B55-3919-F460-901CBCB6A818</generatorID>
<ownerDesignName>Modelo_Cultivo</ownerDesignName>
<nullsAllowed>true</nullsAllowed>
<useDomainConstraints>false</useDomainConstraints>
<use>1</use>
<logicalDatatype>LOGDT007</logicalDatatype>
<ownDataTypeParameters>,,</ownDataTypeParameters>
<autoIncrementCycle>false</autoIncrementCycle>
</Column>
<Column name="rendimento" id="940811FA-66EB-71A9-A6A4-B13D2F6E785F">
<createdBy>ccast</createdBy>
<createdTime>2024-10-15 02:02:06 UTC</createdTime>
<generatorID>F42A1691-9936-F726-D91E-FA246559E25C</generatorID>
<ownerDesignName>Modelo_Cultivo</ownerDesignName>
<useDomainConstraints>false</useDomainConstraints>
<use>1</use>
<logicalDatatype>LOGDT019</logicalDatatype>
<dataTypePrecision>15</dataTypePrecision>
<dataTypeScale>2</dataTypeScale>
<ownDataTypeParameters>,15,2</ownDataTypeParameters>
<autoIncrementCycle>false</autoIncrementCycle>
</Column>
</columns>
<indexes itemClass="oracle.dbtools.crest.model.design.relational.Index">
<ind_PK_UK id="4CA30589-EA33-0C72-C4A3-09641FC141C7" name="PK_tb_agro_cultivo">
<createdBy>ccast</createdBy>
<createdTime>2024-10-15 02:02:06 UTC</createdTime>
<generatorID>E5DBD1A1-5A3B-48C0-5002-12949FDB842A</generatorID>
<ownerDesignName>Modelo_Cultivo</ownerDesignName>
<pk>true</pk>
<indexState>Primary Constraint</indexState>
<isSurrogateKey>false</isSurrogateKey>
<indexColumnUsage>
<colUsage columnID="26BFC1A8-73D3-0F92-422C-22223426C654"/>
</indexColumnUsage>
</ind_PK_UK>
<ind_PK_UK id="6C445246-264E-6670-6DB5-0300FE0C53C4" name="FK_tb_agro_cultivo_tp_cultivo">
<createdBy>ccast</createdBy>
<createdTime>2024-10-15 02:02:06 UTC</createdTime>
<generatorID>94C8D500-0A77-0F3A-D39B-C8C5FCD23C41</generatorID>
<ownerDesignName>Modelo_Cultivo</ownerDesignName>
<indexState>Foreign Key</indexState>
<isSurrogateKey>false</isSurrogateKey>
<indexColumnUsage>
<colUsage columnID="DAEBEE7F-3D98-F7A2-2C2F-610F3AAF6FB4"/>
</indexColumnUsage>
</ind_PK_UK>
<ind_PK_UK id="F2DE41CA-2A1F-5045-5713-7F6A0B33E916" name="FK_tb_agro_cultivo_parcela">
<createdBy>ccast</createdBy>
<createdTime>2024-10-15 02:02:06 UTC</createdTime>
<generatorID>3C1BC8AA-1285-10A9-1039-E9C15464244E</generatorID>
<ownerDesignName>Modelo_Cultivo</ownerDesignName>
<indexState>Foreign Key</indexState>
<isSurrogateKey>false</isSurrogateKey>
<indexColumnUsage>
<colUsage columnID="1D8B186E-2E4B-28EA-6232-DAB911A6F785"/>
</indexColumnUsage>
</ind_PK_UK>
</indexes>
</Table>