<?xml version = '1.0' encoding = 'UTF-8'?>
<Table class="oracle.dbtools.crest.model.design.relational.Table" directorySegmentName="seg_0" id="FF815D30-C7BF-1B74-B01F-E80A0BF89ECB" name="tb_agro_r_clima_cultivo">
<createdBy>ccast</createdBy>
<createdTime>2024-10-15 02:02:06 UTC</createdTime>
<ownerDesignName>Modelo_Cultivo</ownerDesignName>
<ordsAlias>afecta</ordsAlias>
<allowColumnReorder>false</allowColumnReorder>
<existDependencyGenerateInDDl>true</existDependencyGenerateInDDl>
<parsed>true</parsed>
<columns itemClass="oracle.dbtools.crest.model.design.relational.Column">
<Column name="clima_id" id="5E5DCFB8-49B6-3C63-5D44-A1140DE5CB52">
<createdBy>ccast</createdBy>
<createdTime>2024-10-15 02:02:06 UTC</createdTime>
<ownerDesignName>Modelo_Cultivo</ownerDesignName>
<useDomainConstraints>false</useDomainConstraints>
<use>1</use>
<logicalDatatype>LOGDT019</logicalDatatype>
<dataTypePrecision>10</dataTypePrecision>
<ownDataTypeParameters>,,</ownDataTypeParameters>
<previousColumn>false</previousColumn>
<autoIncrementCycle>false</autoIncrementCycle>
<associations>
<colAssociation fkAssociation="E61EC840-36CF-28E3-786B-1CE07BD724BA" referredColumn="60BAB932-622D-1101-A206-07F55C29AD02"/>
</associations>
</Column>
<Column name="cultivo_id" id="761029A4-892B-644D-76C6-2C43A8D7EED0">
<createdBy>ccast</createdBy>
<createdTime>2024-10-15 02:02:06 UTC</createdTime>
<ownerDesignName>Modelo_Cultivo</ownerDesignName>
<useDomainConstraints>false</useDomainConstraints>
<use>1</use>
<logicalDatatype>LOGDT019</logicalDatatype>
<dataTypePrecision>10</dataTypePrecision>
<ownDataTypeParameters>,,</ownDataTypeParameters>
<previousColumn>false</previousColumn>
<autoIncrementCycle>false</autoIncrementCycle>
<associations>
<colAssociation fkAssociation="F25831A9-02EF-FB0A-26E4-1BD01BCF0C6F" referredColumn="26BFC1A8-73D3-0F92-422C-22223426C654"/>
</associations>
</Column>
</columns>
<indexes itemClass="oracle.dbtools.crest.model.design.relational.Index">
<ind_PK_UK id="7007EE2F-F0A1-2487-1206-6A88B53B1F53" name="PK_afecta">
<createdBy>ccast</createdBy>
<createdTime>2024-10-15 02:02:06 UTC</createdTime>
<ownerDesignName>Modelo_Cultivo</ownerDesignName>
<pk>true</pk>
<indexState>Primary Constraint</indexState>
<isSurrogateKey>false</isSurrogateKey>
<indexColumnUsage>
<colUsage columnID="5E5DCFB8-49B6-3C63-5D44-A1140DE5CB52"/>
<colUsage columnID="761029A4-892B-644D-76C6-2C43A8D7EED0"/>
</indexColumnUsage>
</ind_PK_UK>
<ind_PK_UK id="FA53DCCC-5F5A-B7C1-17CF-ADBE15C4B97C" name="FK_afecta_tb_agro_clima">
<createdBy>ccast</createdBy>
<createdTime>2024-10-15 02:02:06 UTC</createdTime>
<generatorID>9F2CE1FD-715F-1B22-1996-B52A555AD52B</generatorID>
<ownerDesignName>Modelo_Cultivo</ownerDesignName>
<indexState>Foreign Key</indexState>
<isSurrogateKey>false</isSurrogateKey>
<indexColumnUsage>
<colUsage columnID="5E5DCFB8-49B6-3C63-5D44-A1140DE5CB52"/>
</indexColumnUsage>
</ind_PK_UK>
<ind_PK_UK id="548B03A1-BCFC-A7FA-B141-7171628C1FA4" name="FK_afecta_tb_agro_cultivo">
<createdBy>ccast</createdBy>
<createdTime>2024-10-15 02:02:06 UTC</createdTime>
<generatorID>9F2CE1FD-715F-1B22-1996-B52A555AD52B</generatorID>
<ownerDesignName>Modelo_Cultivo</ownerDesignName>
<indexState>Foreign Key</indexState>
<isSurrogateKey>false</isSurrogateKey>
<indexColumnUsage>
<colUsage columnID="761029A4-892B-644D-76C6-2C43A8D7EED0"/>
</indexColumnUsage>
</ind_PK_UK>
</indexes>
</Table>