<?xml version = '1.0' encoding = 'UTF-8'?>
<FKIndexAssociation class="oracle.dbtools.crest.model.design.relational.FKIndexAssociation" directorySegmentName="seg_0" id="2013ACBE-82BD-DE69-04CA-71F3CB953C34" containerWithKeyObject="E99E27BB-A7CC-58F7-69C9-592E9B499E1F" localFKIndex="6C445246-264E-6670-6DB5-0300FE0C53C4" name="FK_tb_agro_cultivo_tp_cultivo">
<createdBy>ccast</createdBy>
<createdTime>2024-10-15 02:02:06 UTC</createdTime>
<generatorID>94C8D500-0A77-0F3A-D39B-C8C5FCD23C41</generatorID>
<ownerDesignName>Modelo_Cultivo</ownerDesignName>
<referredTableLongName>tb_agro_tp_cultivo</referredTableLongName>
<deleteRule>NO ACTION</deleteRule>
<referredTableID>4E455415-D893-58A3-4A1F-BEC1A33CA712</referredTableID>
<keyObject>60C0A704-E4F2-9967-4DBD-9E3BC305A68E</keyObject>
<referredKeyID>60C0A704-E4F2-9967-4DBD-9E3BC305A68E</referredKeyID>
<mandatory>true</mandatory>
<refColNames>tp_cultivo_id</refColNames>
<transferable>true</transferable>
<rely>false</rely>
<columnDependencyConstraintGenerateInDDL>true</columnDependencyConstraintGenerateInDDL>
</FKIndexAssociation>