<?xml version = '1.0' encoding = 'UTF-8'?>
<FKIndexAssociation class="oracle.dbtools.crest.model.design.relational.FKIndexAssociation" directorySegmentName="seg_0" id="2141DF7C-BBAA-CC26-8D52-ED131C4AB215" containerWithKeyObject="996AA723-0B3D-2037-B778-8C4798FFBD5C" localFKIndex="9A71C5E6-D2BF-3AA7-DA24-CFC286AA5273" name="FK_tb_agro_suelo_tp_suelo">
<createdBy>ccast</createdBy>
<createdTime>2024-10-15 02:02:06 UTC</createdTime>
<generatorID>9D784FD9-F9D5-4738-6353-9CDCAA392251</generatorID>
<ownerDesignName>Modelo_Cultivo</ownerDesignName>
<referredTableLongName>tb_agro_tp_suelo</referredTableLongName>
<deleteRule>NO ACTION</deleteRule>
<referredTableID>C7950020-1539-6054-C117-A3481610CD50</referredTableID>
<keyObject>784AA8B0-9389-4017-E962-C03A31B79BA0</keyObject>
<referredKeyID>784AA8B0-9389-4017-E962-C03A31B79BA0</referredKeyID>
<mandatory>true</mandatory>
<refColNames>tp_suelo_id</refColNames>
<transferable>true</transferable>
<rely>false</rely>
<columnDependencyConstraintGenerateInDDL>true</columnDependencyConstraintGenerateInDDL>
</FKIndexAssociation>