<?xml version = '1.0' encoding = 'UTF-8'?>
<FKIndexAssociation class="oracle.dbtools.crest.model.design.relational.FKIndexAssociation" directorySegmentName="seg_0" id="32226AFA-187C-DDB6-CBFE-B8EEB3E3B4C8" containerWithKeyObject="20F34376-7FFC-B655-849E-8D3A909F23E5" localFKIndex="78C5C010-45C8-4088-2067-0FD7828FF536" name="FK_tb_agro_plaga_tp_plaga">
<createdBy>ccast</createdBy>
<createdTime>2024-10-15 02:02:06 UTC</createdTime>
<generatorID>C6637984-D9C9-52EC-D4F0-E31DB4D1E48A</generatorID>
<ownerDesignName>Modelo_Cultivo</ownerDesignName>
<referredTableLongName>tb_agro_tp_plaga</referredTableLongName>
<deleteRule>NO ACTION</deleteRule>
<referredTableID>66E53BBA-4873-1461-2CBA-3E7F5D2A088B</referredTableID>
<keyObject>D7DAD33C-CC24-DB4D-C7E8-BB173D5B0B1E</keyObject>
<referredKeyID>D7DAD33C-CC24-DB4D-C7E8-BB173D5B0B1E</referredKeyID>
<mandatory>true</mandatory>
<refColNames>tp_plaga_id</refColNames>
<transferable>true</transferable>
<rely>false</rely>
<columnDependencyConstraintGenerateInDDL>true</columnDependencyConstraintGenerateInDDL>
</FKIndexAssociation>