<?xml version = '1.0' encoding = 'UTF-8'?>
<FKIndexAssociation class="oracle.dbtools.crest.model.design.relational.FKIndexAssociation" directorySegmentName="seg_0" id="79C92845-E087-FD42-36F5-2A20977DC7A1" containerWithKeyObject="E99E27BB-A7CC-58F7-69C9-592E9B499E1F" localFKIndex="F2DE41CA-2A1F-5045-5713-7F6A0B33E916" name="FK_tb_agro_cultivo_parcela">
<createdBy>ccast</createdBy>
<createdTime>2024-10-15 02:02:06 UTC</createdTime>
<generatorID>3C1BC8AA-1285-10A9-1039-E9C15464244E</generatorID>
<ownerDesignName>Modelo_Cultivo</ownerDesignName>
<referredTableLongName>tb_agro_parcela</referredTableLongName>
<deleteRule>NO ACTION</deleteRule>
<referredTableID>5440B0FF-870F-962E-608B-89D4057C1D0C</referredTableID>
<keyObject>E8915A68-3494-888F-8AEA-EC9D2C3A5A17</keyObject>
<referredKeyID>E8915A68-3494-888F-8AEA-EC9D2C3A5A17</referredKeyID>
<mandatory>true</mandatory>
<refColNames>parcela_id</refColNames>
<transferable>true</transferable>
<rely>false</rely>
<columnDependencyConstraintGenerateInDDL>true</columnDependencyConstraintGenerateInDDL>
</FKIndexAssociation>