<?xml version = '1.0' encoding = 'UTF-8'?>
<FKIndexAssociation class="oracle.dbtools.crest.model.design.relational.FKIndexAssociation" directorySegmentName="seg_0" id="DF51022D-63DD-3678-C20D-54C9307D0FA5" containerWithKeyObject="3BA0E43E-CEF6-2D5E-8DA4-15C845E87FC2" localFKIndex="AA942459-66CF-E3F0-F8EA-0D4D93266EFA" name="FK_tb_agro_riego_cultivo">
<createdBy>ccast</createdBy>
<createdTime>2024-10-15 02:02:06 UTC</createdTime>
<generatorID>90DDDE4A-8423-3D21-A98C-11EE7E24248C</generatorID>
<ownerDesignName>Modelo_Cultivo</ownerDesignName>
<referredTableLongName>tb_agro_cultivo</referredTableLongName>
<deleteRule>NO ACTION</deleteRule>
<referredTableID>E99E27BB-A7CC-58F7-69C9-592E9B499E1F</referredTableID>
<keyObject>4CA30589-EA33-0C72-C4A3-09641FC141C7</keyObject>
<referredKeyID>4CA30589-EA33-0C72-C4A3-09641FC141C7</referredKeyID>
<mandatory>true</mandatory>
<refColNames>cultivo_id</refColNames>
<transferable>true</transferable>
<rely>false</rely>
<columnDependencyConstraintGenerateInDDL>true</columnDependencyConstraintGenerateInDDL>
</FKIndexAssociation>