<?xml version = '1.0' encoding = 'UTF-8'?>
<FKIndexAssociation class="oracle.dbtools.crest.model.design.relational.FKIndexAssociation" directorySegmentName="seg_0" id="E61EC840-36CF-28E3-786B-1CE07BD724BA" containerWithKeyObject="FF815D30-C7BF-1B74-B01F-E80A0BF89ECB" localFKIndex="FA53DCCC-5F5A-B7C1-17CF-ADBE15C4B97C" name="FK_afecta_tb_agro_clima">
<createdBy>ccast</createdBy>
<createdTime>2024-10-15 02:02:06 UTC</createdTime>
<generatorID>9F2CE1FD-715F-1B22-1996-B52A555AD52B</generatorID>
<ownerDesignName>Modelo_Cultivo</ownerDesignName>
<referredTableLongName>tb_agro_clima</referredTableLongName>
<deleteRule>NO ACTION</deleteRule>
<referredTableID>524C87D6-91A9-FAAB-7B0B-62674D826224</referredTableID>
<keyObject>EFCA893C-F46E-A893-1651-9D648299203C</keyObject>
<referredKeyID>EFCA893C-F46E-A893-1651-9D648299203C</referredKeyID>
<mandatory>true</mandatory>
<refColNames>clima_id</refColNames>
<transferable>true</transferable>
<rely>false</rely>
<columnDependencyConstraintGenerateInDDL>true</columnDependencyConstraintGenerateInDDL>
</FKIndexAssociation>