<?xml version = '1.0' encoding = 'UTF-8'?>
<FKIndexAssociation class="oracle.dbtools.crest.model.design.relational.FKIndexAssociation" directorySegmentName="seg_0" id="F25831A9-02EF-FB0A-26E4-1BD01BCF0C6F" containerWithKeyObject="FF815D30-C7BF-1B74-B01F-E80A0BF89ECB" localFKIndex="548B03A1-BCFC-A7FA-B141-7171628C1FA4" name="FK_afecta_tb_agro_cultivo">
<createdBy>ccast</createdBy>
<createdTime>2024-10-15 02:02:06 UTC</createdTime>
<generatorID>9F2CE1FD-715F-1B22-1996-B52A555AD52B</generatorID>
<ownerDesignName>Modelo_Cultivo</ownerDesignName>
<referredTableLongName>tb_agro_cultivo</referredTableLongName>
<deleteRule>NO ACTION</deleteRule>
<referredTableID>E99E27BB-A7CC-58F7-69C9-592E9B499E1F</referredTableID>
<keyObject>4CA30589-EA33-0C72-C4A3-09641FC141C7</keyObject>
<referredKeyID>4CA30589-EA33-0C72-C4A3-09641FC141C7</referredKeyID>
<mandatory>true</mandatory>
<refColNames>cultivo_id</refColNames>
<transferable>true</transferable>
<rely>false</rely>
<columnDependencyConstraintGenerateInDDL>true</columnDependencyConstraintGenerateInDDL>
</FKIndexAssociation>